"Age","1876","1877","1878","1879","1880","1881","1882","1883","1884","1885","1886","1887","1888","1889","1890","1891","1892","1893","1894","1895","1896","1897","1898","1899","1900","1901","1902","1903","1904","1905","1906","1907","1908","1909","1910","1911","1912","1913","1914","1915","1916","1917","1918","1919","1920","1921","1922","1923","1924","1925","1926","1927","1928","1929","1930","1931","1932","1933","1934","1935","1936","1937","1938","1939","1940","1941","1942","1943","1944","1945","1946","1947","1948","1949","1950","1951","1952","1953","1954","1955","1956","1957","1958","1959","1960","1961","1962","1963","1964","1965","1966","1967","1968","1969","1970","1971","1972","1973","1974","1975","1976","1977","1978","1979","1980","1981","1982","1983","1984","1985","1986","1987","1988","1989","1990","1991","1992","1993","1994","1995","1996","1997","1998","1999","2000","2001","2002","2003","2004","2005","2006","2007","2008","2009","2010","2011","2012","2013","2014","2015","2016"
0,23462,22744,22288,21703,20458,20287,18632,17780,17654,18430,17873,18023,16964,17019,16770,18073,16587,16523,16457,17427,15018,15249,16778,15472,16237,15416,14353,14206,15079,14233,13871,13220,12184,12719,11688,13243,10459,10421,10185,9476,8865,8821,9815,9362,9512,8417,7393,6820,6823,6350,6257,6050,6033,5834,5727,5351,5580,5278,5245,5220,5160,4988,4662,4784,5179,4849,4450,4546,4726,4576,4331,4375,4034,3762,3517,3290,3269,3247,2959,2848,2826,2555,2446,2528,2411,2450,2416,2373,2209,1966,1911,2019,1773,1725,1756,1647,1494,1501,1449,1225,1219,1062,1020,983,1057,869,817,846,808,766,778,752,822,808,747,726,746,573,578,564,537,478,552,535,539,546,487,447,489,477,486,409,432,492,366,415,382,439,454,461,335
1,2694,3566,3189,2650,2898,3371,2952,2484,2587,2917,2763,2545,2447,2899,2616,2808,2272,2545,2687,2293,2171,2047,2239,1961,2599,2248,1865,1839,2182,2079,1932,1923,1586,1767,1788,1661,1416,1607,1420,1437,1321,1275,1712,1353,1608,1141,996,923,883,999,924,900,1091,866,816,848,795,601,741,825,707,750,594,602,941,491,500,502,490,476,435,394,415,378,319,362,329,251,256,255,261,283,182,215,221,170,190,155,183,130,153,132,153,156,137,123,138,104,117,110,101,103,87,77,80,86,90,107,89,90,71,74,80,85,94,50,39,43,66,66,47,62,55,52,42,38,29,27,51,48,34,21,16,13,17,17,21,19,21,25,9
2,1440,1727,1712,1371,1530,1671,1619,1226,1207,1316,1177,1139,1103,1297,1280,1356,1075,1218,1311,960,841,935,1001,962,985,1018,927,788,947,830,814,799,747,733,758,723,637,699,604,670,560,712,912,687,637,567,475,413,468,471,388,511,472,448,419,384,439,354,412,332,432,389,351,358,369,269,277,293,282,289,306,258,250,241,208,231,153,188,183,180,152,170,141,136,128,135,131,143,108,133,120,110,90,103,78,113,91,109,81,80,58,36,68,57,63,58,89,50,40,53,56,34,50,36,22,48,42,25,47,27,40,26,21,29,22,45,52,24,19,19,13,13,23,15,12,20,24,19,9,16,11
3,908,1206,1172,1019,1158,1157,1350,982,952,979,833,785,789,976,867,1031,805,882,965,648,697,644,647,623,746,643,444,619,612,627,528,521,511,484,522,495,427,438,466,420,439,383,619,455,615,334,363,303,302,290,292,354,304,322,333,285,297,271,280,298,280,286,261,246,291,234,196,240,231,223,227,223,139,162,109,160,135,102,101,104,116,131,130,100,124,96,104,153,91,95,87,67,92,75,70,88,84,47,86,63,58,74,74,43,38,52,27,43,58,45,26,26,39,21,36,27,36,23,27,29,20,26,19,19,19,20,18,15,24,11,16,16,16,23,13,10,12,7,7,12,0
4,676,1013,970,702,902,927,986,699,634,792,693,591,601,687,650,768,602,704,739,505,509,464,438,447,410,531,404,415,468,420,465,440,369,460,391,374,353,404,312,376,283,333,519,381,435,284,305,242,245,241,245,268,349,213,227,236,256,241,218,210,207,225,197,156,158,229,197,168,193,164,144,187,120,119,125,115,122,121,118,116,118,108,91,96,109,91,82,106,66,77,87,65,82,72,70,85,84,63,61,58,42,47,51,36,30,51,32,35,27,18,42,34,24,34,39,20,24,28,23,22,24,34,19,19,24,26,15,15,13,16,13,8,8,3,13,5,7,22,2,7,11
5,524,725,643,636,569,708,671,500,638,551,432,500,490,576,534,565,483,564,573,431,449,365,365,480,369,459,327,345,400,328,319,331,290,331,330,314,297,335,268,275,264,318,400,317,293,258,213,228,193,207,177,205,237,221,222,200,175,198,183,244,174,222,157,147,178,162,149,114,210,196,132,174,141,122,67,100,93,109,88,98,69,100,88,49,71,73,71,63,95,72,74,89,62,92,79,57,64,63,57,39,42,47,59,29,56,32,45,35,38,29,29,16,26,15,10,23,27,36,25,20,31,9,16,28,17,2,22,12,7,15,10,8,8,13,13,15,5,12,2,7,5
6,484,573,548,459,548,518,505,397,454,403,438,376,425,516,475,466,351,496,470,322,333,344,342,318,298,345,273,289,256,302,257,319,251,266,230,240,201,251,228,204,278,220,403,280,342,241,191,237,197,170,223,224,199,209,176,198,164,209,166,162,170,171,140,113,169,122,117,152,132,131,138,154,118,96,62,98,87,64,60,77,71,64,82,37,60,73,90,64,50,68,68,64,64,68,57,69,62,53,58,40,33,34,76,38,42,23,21,35,29,27,13,29,41,23,18,22,25,24,14,16,18,13,20,9,12,2,2,17,12,20,15,13,10,5,5,5,5,12,2,9,2
7,382,565,473,350,450,495,362,345,382,383,284,304,367,452,402,468,336,391,404,294,307,285,227,250,312,275,282,212,278,270,243,267,237,278,273,205,254,231,191,219,188,204,293,279,280,233,174,187,128,160,145,195,164,225,189,158,140,190,170,177,125,192,155,117,132,138,142,117,157,114,104,98,123,115,72,102,47,63,66,73,85,73,74,75,67,49,47,59,59,31,60,74,56,45,64,63,58,52,48,53,65,36,39,25,40,40,28,30,29,30,24,32,26,18,13,40,10,42,31,21,14,14,7,20,9,14,12,7,12,7,10,13,18,5,3,15,12,10,5,12,7
8,281,389,404,348,324,354,354,285,334,324,331,226,334,318,379,362,261,289,305,235,285,275,248,246,228,281,216,223,250,222,188,205,233,213,228,204,167,152,181,193,204,208,249,228,208,189,181,204,173,146,138,153,164,183,143,124,149,121,148,118,141,117,125,158,142,110,121,151,179,96,108,134,107,65,77,41,67,100,76,57,66,52,68,51,30,32,59,51,45,42,48,53,49,52,72,36,44,45,33,36,43,39,36,46,36,29,17,43,13,16,11,13,16,10,25,32,17,22,22,14,19,9,18,9,9,29,5,12,9,7,17,12,15,13,10,15,5,5,10,2,7
9,356,333,279,323,336,306,320,272,271,304,223,244,275,325,304,312,291,267,241,212,249,266,244,208,217,242,191,200,217,209,212,211,179,172,209,188,188,145,169,158,197,204,269,197,200,166,136,146,141,199,169,129,167,178,136,133,134,110,148,110,137,132,103,108,159,77,105,103,92,93,127,117,73,67,44,49,52,50,42,61,75,62,58,39,60,60,51,56,51,59,32,56,55,49,34,53,43,39,29,32,43,36,33,23,20,27,24,32,28,19,27,27,19,21,30,20,17,17,22,12,14,19,9,4,24,4,16,12,5,14,14,7,5,12,2,10,0,5,10,7,2
10,278,317,293,242,271,263,283,236,244,242,212,180,233,269,277,296,232,227,253,231,195,205,189,209,164,192,159,189,192,188,198,162,143,185,165,189,148,170,117,139,198,188,247,164,209,174,136,113,158,123,149,129,140,133,137,124,146,116,75,162,105,151,102,111,93,110,115,99,102,95,84,98,83,58,82,76,34,56,56,52,35,70,47,38,52,43,44,39,34,36,43,50,48,33,53,60,39,38,50,31,23,33,38,39,43,28,25,26,27,23,27,19,29,21,18,15,20,17,17,10,7,7,12,23,22,13,11,9,11,9,7,12,7,7,5,17,10,5,12,2,7
11,255,270,237,245,221,253,231,235,228,260,252,187,193,254,242,237,226,225,222,186,168,190,180,204,203,176,176,201,207,205,165,180,197,192,167,165,156,169,136,147,118,140,292,170,176,203,119,127,99,137,96,129,132,132,139,123,124,136,100,91,96,124,158,93,133,116,136,143,119,91,90,89,92,77,61,79,76,59,53,49,51,46,49,47,36,49,37,39,48,54,38,37,55,35,29,47,38,25,43,30,42,43,53,32,41,30,22,31,17,39,30,13,13,18,16,38,15,19,27,22,14,24,14,11,13,11,9,11,11,11,0,5,9,14,5,12,7,7,5,5,5
12,220,272,264,233,214,183,282,199,227,199,175,204,202,266,237,210,182,253,254,198,154,155,170,188,192,183,142,188,203,144,145,165,146,140,138,172,184,165,134,157,165,165,239,137,199,170,107,97,120,137,103,142,148,138,130,114,114,153,109,92,120,96,108,127,117,102,102,73,71,116,82,95,75,80,56,70,61,64,59,43,32,51,57,48,47,44,47,40,34,54,38,51,43,67,45,26,49,42,43,25,17,41,36,39,16,29,17,28,31,35,22,18,29,29,23,23,30,15,24,34,10,16,24,14,14,13,11,15,17,16,7,9,18,5,14,7,5,5,5,10,10
13,214,289,231,266,194,211,221,242,276,177,214,197,174,194,194,231,202,187,186,209,218,175,135,173,227,147,152,188,193,152,171,165,146,146,185,139,155,176,165,155,177,135,279,144,188,178,126,161,125,132,133,88,149,183,141,139,122,131,163,101,118,120,118,116,120,87,94,111,140,109,102,79,66,57,53,55,79,45,69,56,64,46,54,50,55,43,46,55,42,44,41,45,38,62,46,51,43,37,36,47,21,32,41,26,23,36,31,34,19,22,31,15,35,42,21,23,18,20,22,17,21,17,23,7,19,16,11,15,13,6,20,11,9,20,14,9,14,12,7,15,10
14,233,246,283,211,254,243,200,207,286,215,240,213,207,245,181,240,228,250,222,185,227,169,149,162,174,188,174,192,184,163,178,153,139,214,165,165,201,213,157,182,171,181,319,171,160,216,141,142,148,173,147,171,173,166,132,122,130,117,141,115,127,126,112,132,123,158,102,111,96,104,80,93,91,95,78,71,55,72,48,63,101,64,53,65,43,43,56,47,56,44,49,45,58,58,47,73,49,67,39,50,45,55,50,55,38,43,51,53,36,54,45,26,39,37,21,36,30,18,42,29,21,14,33,35,30,28,20,27,15,26,26,11,11,9,9,11,12,12,7,9,14
15,280,298,237,268,277,227,263,277,227,264,266,178,276,219,248,232,221,221,259,233,251,245,235,240,178,246,208,206,237,276,210,201,171,182,206,249,222,190,203,185,192,237,417,240,239,208,162,205,156,180,203,173,142,164,164,205,147,163,199,123,172,155,121,134,122,152,170,119,184,139,98,116,87,129,67,78,61,85,69,54,78,76,59,68,51,51,71,78,56,48,60,56,55,55,59,72,82,62,86,76,63,53,66,43,37,47,39,39,55,38,43,49,39,38,39,30,43,17,27,56,19,38,47,63,28,35,21,25,20,17,21,30,33,13,13,13,22,18,11,18,14
16,325,299,300,321,271,298,269,254,346,291,266,253,298,266,307,284,313,262,287,253,312,236,219,232,262,277,273,235,231,263,234,284,225,252,240,251,264,282,279,230,289,270,560,300,259,251,192,203,165,165,182,220,232,235,212,227,222,160,160,190,186,167,169,153,174,198,156,155,143,142,133,126,111,98,111,89,89,79,70,99,77,74,75,81,90,93,86,78,81,79,91,78,62,72,107,91,83,73,76,92,66,71,61,53,63,77,73,65,51,75,65,68,57,53,52,50,55,67,37,42,58,52,47,19,23,51,32,25,49,28,24,30,36,19,33,18,20,33,34,32,9
17,305,395,358,324,348,342,299,372,353,378,336,314,315,303,365,356,304,333,325,301,337,358,314,262,334,310,305,290,345,299,323,344,368,288,288,341,277,312,304,307,330,324,681,273,305,301,315,228,244,245,214,284,239,237,250,210,240,209,205,221,217,236,205,182,216,187,195,188,207,200,171,174,123,108,113,114,129,86,125,99,104,141,103,76,103,114,106,84,81,91,99,89,64,95,76,129,91,97,83,87,91,79,81,84,90,100,93,102,69,86,94,87,73,72,102,72,73,72,71,95,36,48,51,65,58,53,37,48,52,53,39,41,38,48,47,42,38,24,29,22,22
18,514,438,413,423,413,419,389,401,409,425,363,396,411,364,427,347,351,338,319,368,426,413,391,312,365,329,342,386,386,418,336,337,387,349,322,373,320,384,324,282,334,315,845,368,356,312,249,267,220,264,316,259,283,267,212,269,269,258,241,259,241,311,270,208,230,218,225,159,222,227,198,181,152,136,116,147,169,134,159,127,146,152,113,151,128,139,156,127,118,108,119,131,130,98,155,139,156,142,181,157,151,133,103,138,148,107,112,151,153,124,148,108,105,133,127,123,83,94,90,92,94,92,74,58,74,67,51,82,57,61,64,47,47,71,41,38,60,43,41,39,24
19,588,450,455,505,411,423,415,453,450,502,444,410,415,393,437,425,405,402,386,434,369,416,383,421,386,395,378,409,403,464,388,390,382,445,327,448,342,401,379,380,351,410,1073,442,431,349,298,272,287,313,316,319,334,339,313,297,383,267,286,305,263,250,343,247,280,233,216,214,242,245,185,200,139,115,145,175,129,139,157,170,146,159,205,204,129,192,167,151,163,109,156,162,155,158,182,165,194,170,177,149,155,179,173,152,174,161,174,145,131,162,141,145,151,137,162,146,110,101,82,119,102,90,99,76,85,87,106,92,86,61,72,72,62,61,41,55,44,49,38,55,33
20,479,475,434,478,518,445,477,435,471,422,447,422,400,420,402,438,402,403,439,393,447,446,393,430,482,394,399,393,403,371,395,435,431,438,440,365,411,396,332,353,377,473,1201,483,416,388,330,320,304,352,306,295,327,361,370,294,316,297,299,338,297,262,267,258,262,250,258,270,274,234,231,212,181,176,132,146,150,152,149,141,179,183,179,181,163,204,156,138,159,119,113,162,139,186,204,213,197,164,173,197,179,176,148,172,199,185,169,195,113,105,126,137,139,152,134,169,155,156,135,128,78,82,96,86,115,96,80,112,84,71,56,69,60,44,37,55,58,31,40,48,31
21,496,494,491,533,478,473,555,479,570,501,532,407,486,471,495,426,374,431,416,423,395,373,420,453,457,462,390,338,423,384,406,455,353,466,410,443,427,371,377,356,315,417,1286,379,407,327,389,349,342,285,311,339,369,308,348,411,357,326,321,312,306,259,259,241,354,260,267,292,258,285,221,274,177,167,148,177,180,171,163,233,174,153,173,173,179,148,160,159,145,146,121,134,136,182,162,176,213,157,186,206,166,176,172,176,144,181,182,182,193,131,163,170,161,138,151,168,158,149,142,96,105,146,101,91,107,101,105,70,79,92,42,64,57,69,39,44,38,55,34,61,35
22,489,471,482,477,525,504,450,474,465,516,441,470,490,493,480,433,429,429,444,423,426,377,362,368,426,458,410,425,396,449,456,439,436,396,433,391,396,409,356,381,326,412,1342,369,352,300,333,345,291,336,360,351,362,382,340,346,370,320,328,326,288,268,279,271,267,270,280,328,335,292,220,239,163,147,190,171,144,177,161,155,190,209,189,141,173,194,181,162,155,101,159,176,121,114,183,151,152,166,176,149,175,181,173,171,158,174,186,201,133,132,152,159,156,164,128,162,173,137,196,152,134,98,116,106,114,90,83,86,65,89,69,81,48,66,49,68,38,47,39,47,44
23,551,490,535,500,528,505,490,493,519,499,475,547,493,528,514,512,474,448,453,484,434,423,420,483,390,356,444,422,481,395,421,463,394,399,383,419,377,447,401,355,346,377,1484,463,385,389,302,379,306,332,290,367,380,386,352,326,332,325,323,354,325,313,254,300,233,285,268,247,277,296,284,264,167,202,195,157,193,149,189,178,169,158,181,127,188,167,126,128,147,121,149,149,126,140,158,153,170,120,173,149,143,184,180,146,186,204,161,159,160,157,166,158,159,158,165,169,154,152,132,149,145,141,118,96,78,82,83,86,69,75,64,83,70,63,54,62,41,33,32,47,36
24,618,533,467,474,485,426,575,476,477,460,489,504,509,492,601,533,446,433,400,436,485,394,452,430,443,384,433,445,393,455,375,401,471,417,449,483,431,465,401,396,342,425,1479,456,458,373,325,333,372,333,298,366,321,428,331,381,383,325,332,311,290,260,268,288,285,323,231,239,253,305,232,298,197,176,164,193,187,157,178,158,159,194,164,155,138,160,138,140,122,119,111,112,141,129,118,128,110,165,150,123,131,139,128,164,151,184,156,151,150,147,123,163,131,167,175,182,170,166,161,115,146,120,124,114,92,81,62,88,73,68,78,64,59,74,36,36,46,47,39,48,67
25,644,525,544,552,537,538,516,513,542,596,532,459,567,533,559,455,531,504,479,444,489,415,430,465,430,422,392,464,404,493,409,386,402,429,405,452,414,451,421,405,308,325,1539,459,487,351,329,372,322,369,316,350,338,338,386,354,315,301,357,326,353,269,314,292,310,233,279,313,304,312,213,210,202,186,196,176,162,135,127,178,174,196,159,148,146,141,134,141,142,139,123,147,135,141,121,149,115,138,124,145,123,169,129,134,136,138,136,179,140,158,156,136,162,171,133,174,149,166,161,125,122,92,102,100,108,87,74,58,93,46,73,63,81,47,49,58,46,53,52,53,48
26,567,545,501,584,549,481,557,452,532,518,532,538,492,497,529,501,380,494,459,437,493,456,427,406,442,439,462,451,412,453,451,398,472,417,384,458,429,417,440,414,376,369,1556,384,397,363,312,311,291,297,359,346,347,358,322,326,335,296,325,312,307,249,304,273,291,303,324,313,265,255,285,248,184,194,160,175,197,173,127,146,153,179,152,174,135,167,152,134,132,131,123,102,119,130,127,119,134,107,104,126,147,140,141,150,126,110,132,137,132,154,119,129,141,191,148,160,156,160,152,131,126,122,117,92,105,74,71,72,87,61,94,58,59,80,37,38,32,41,51,48,49
27,653,527,595,526,484,559,483,456,604,532,560,476,491,494,626,526,516,571,529,461,396,403,443,398,475,430,421,438,464,497,423,485,460,363,438,390,371,389,405,314,377,450,1566,488,397,384,361,376,364,347,392,306,334,329,314,341,310,321,288,286,313,295,283,316,231,305,231,258,278,208,282,222,220,197,198,174,174,148,167,143,183,123,159,135,137,137,136,133,137,122,119,125,98,107,103,110,114,116,115,104,121,118,134,128,142,130,150,133,162,142,141,147,156,168,184,176,167,126,181,120,119,75,112,126,122,70,127,70,84,71,57,83,70,57,65,34,44,58,43,53,52
28,558,571,626,603,474,629,550,451,552,605,579,550,487,526,556,491,463,460,533,502,410,445,471,475,402,455,513,463,459,461,464,424,486,444,460,451,437,504,365,368,358,421,1730,457,423,252,316,356,399,304,300,401,322,397,391,322,290,383,327,291,245,274,259,281,326,244,279,227,259,266,231,278,185,131,177,174,171,166,201,151,129,147,159,157,122,126,132,143,146,119,148,119,132,147,123,100,124,112,92,105,111,89,113,152,135,117,132,121,120,104,124,154,161,155,194,162,147,131,155,120,109,98,103,93,84,86,84,66,70,72,69,70,50,60,51,53,36,60,46,47,44
29,555,585,545,631,549,537,537,488,533,545,606,572,570,533,562,493,499,547,496,496,463,533,435,436,505,419,450,502,464,458,421,437,462,454,361,411,463,446,390,389,342,404,1563,437,472,311,330,262,316,328,369,392,322,325,334,319,342,314,306,302,213,314,274,308,289,217,231,262,280,263,224,230,211,182,158,198,176,129,157,136,159,152,158,122,131,120,122,114,136,155,152,124,101,119,124,95,130,130,108,119,102,117,122,111,104,129,128,109,133,102,91,97,151,130,142,142,145,136,133,123,106,103,96,101,103,72,87,97,57,46,66,57,54,54,43,50,59,53,43,45,39
30,638,588,520,640,652,568,597,553,619,499,624,558,588,507,573,605,492,637,549,476,508,472,446,437,442,496,459,452,493,499,448,427,457,473,441,424,458,403,435,366,383,391,1400,495,409,332,337,400,349,390,418,299,332,407,375,376,349,347,300,345,283,302,272,334,279,258,269,218,298,300,249,279,227,193,178,232,167,166,152,191,171,151,173,130,124,129,152,156,127,127,158,101,118,139,149,91,108,118,111,118,125,116,106,143,110,125,99,118,127,116,112,116,138,173,179,165,169,179,154,121,128,114,118,84,87,96,83,78,65,58,74,48,51,44,52,66,55,43,48,35,34
31,701,606,537,469,605,583,572,606,531,602,543,478,636,638,574,504,492,492,592,500,468,516,449,487,455,495,465,448,458,473,438,483,442,456,412,451,434,414,411,413,345,461,1443,457,483,404,347,383,354,347,389,369,409,348,420,342,330,308,338,338,312,306,267,270,259,290,238,285,231,280,289,244,199,173,207,244,146,188,149,187,169,163,173,142,176,154,173,150,139,104,128,177,118,99,148,127,101,100,97,109,94,112,126,115,109,127,130,120,107,109,128,155,118,157,159,172,164,191,136,139,125,117,81,101,104,110,96,55,88,58,49,84,66,65,56,45,54,58,37,52,56
32,617,597,634,549,600,604,632,591,609,626,638,585,620,552,544,566,534,559,520,600,486,423,537,570,572,497,484,445,517,571,511,478,403,450,462,454,433,469,401,444,361,403,1303,527,543,343,437,335,346,405,330,340,372,415,360,398,341,310,341,335,280,307,327,245,220,237,258,317,287,254,246,235,209,221,202,214,163,205,161,161,166,147,151,130,197,157,181,129,140,125,138,147,101,141,116,110,140,120,98,115,94,147,103,134,111,122,128,128,119,100,100,147,137,132,163,167,152,139,141,156,130,75,127,94,98,88,95,105,91,78,69,65,72,62,49,62,37,27,52,56,43
33,658,588,690,659,593,622,717,559,618,619,630,553,543,535,676,672,600,573,569,620,525,582,534,576,545,514,552,514,431,468,547,528,498,492,492,450,498,483,421,363,418,447,1305,540,521,347,359,396,356,337,360,386,331,371,422,349,417,303,304,344,349,306,277,327,318,196,291,285,296,258,231,245,226,209,188,209,183,172,173,174,127,159,171,176,163,167,144,175,171,174,127,146,138,155,155,121,125,101,116,103,133,122,122,147,118,108,129,104,114,98,113,112,122,160,139,176,201,155,186,174,145,159,103,95,105,83,77,76,53,67,82,38,67,61,58,49,54,73,65,49,36
34,604,611,604,756,608,574,592,655,678,626,730,585,613,550,589,596,609,681,651,632,550,606,543,579,533,535,499,491,484,567,456,531,569,495,505,487,581,561,522,390,388,462,1016,480,557,441,435,321,405,402,336,326,370,424,357,466,377,418,338,387,404,329,297,317,340,308,277,280,264,299,288,263,211,235,180,211,199,193,187,199,192,159,183,146,172,159,144,186,153,159,145,151,128,143,145,121,145,111,128,122,117,121,143,156,121,127,106,100,123,116,111,141,152,162,140,171,156,171,155,141,151,128,123,87,85,94,93,93,60,92,86,57,75,69,62,53,68,63,61,51,52
35,665,706,636,648,736,702,712,700,618,654,719,674,723,691,641,578,600,615,582,602,547,652,560,576,622,637,531,499,569,520,551,617,532,577,501,493,542,455,533,499,490,431,1124,433,532,438,509,398,432,354,350,386,345,417,372,390,437,435,341,422,359,354,334,381,305,284,343,284,299,242,277,300,212,209,228,199,186,204,172,179,151,153,227,190,180,198,183,177,160,158,111,163,154,199,142,120,167,120,122,96,133,135,122,121,171,138,156,136,102,126,103,142,139,146,154,165,156,156,166,150,128,120,89,104,100,104,100,82,100,106,76,79,81,85,42,72,69,67,50,43,54
36,747,632,643,741,702,758,794,668,575,670,668,723,694,635,685,605,608,596,655,660,649,584,570,651,578,581,496,543,535,570,538,599,600,619,579,560,580,565,564,497,554,443,1031,462,510,504,462,400,506,428,379,356,388,380,453,497,386,351,411,357,386,347,367,297,268,280,302,259,291,270,272,276,291,216,229,237,234,256,200,162,160,206,161,179,149,125,156,187,191,141,165,139,130,169,131,160,136,133,149,135,151,135,158,122,157,114,106,158,141,146,148,164,158,137,197,151,155,128,171,145,155,124,99,98,104,136,91,115,122,92,95,75,81,104,72,77,49,42,45,72,58
37,683,712,646,630,704,672,687,645,645,547,753,693,643,770,758,679,566,612,659,534,751,641,631,575,668,653,531,575,542,572,546,579,567,607,556,611,651,622,520,529,533,466,980,487,561,435,446,449,488,396,466,496,461,529,352,430,412,435,416,435,396,356,356,346,329,306,275,294,291,286,293,273,280,276,276,222,236,217,227,201,230,218,196,221,200,198,204,230,206,159,185,192,205,175,179,178,154,155,149,165,127,109,180,154,140,140,125,143,171,111,150,168,153,133,144,153,172,158,178,184,133,119,101,106,115,102,99,107,110,110,83,67,95,74,83,80,85,59,82,67,54
38,799,551,624,730,754,664,675,748,665,756,708,740,770,722,694,722,721,613,643,700,708,729,687,704,637,638,664,595,633,703,617,591,689,563,552,564,647,633,528,550,547,575,858,484,473,433,455,540,512,458,450,485,406,507,519,439,504,401,405,387,403,450,373,375,356,308,283,287,356,320,279,278,269,252,277,318,242,218,251,203,195,221,224,254,199,178,247,197,234,207,173,179,190,189,170,200,206,175,155,153,170,181,199,159,167,136,164,162,189,171,170,152,141,159,128,125,206,166,159,180,166,127,126,115,145,102,125,104,94,114,90,100,90,99,81,64,86,83,65,62,63
39,732,615,603,817,694,701,735,742,728,728,746,636,709,677,870,630,631,740,679,627,687,688,773,725,698,709,659,602,583,689,651,601,637,651,631,704,658,537,576,558,621,596,875,590,582,497,466,487,451,447,593,462,443,549,432,459,500,514,368,441,407,386,351,448,368,403,354,310,347,300,311,287,308,301,250,291,232,253,203,244,264,252,227,222,206,219,269,267,173,230,224,238,213,265,243,234,171,198,158,204,161,184,162,169,181,175,153,160,161,184,165,142,153,154,168,146,169,165,157,163,188,157,151,108,121,131,151,135,130,95,121,93,76,87,84,89,77,74,103,80,77
40,705,662,650,788,794,705,748,770,732,858,708,738,819,816,787,696,655,678,815,598,741,671,714,676,679,657,648,698,622,784,767,682,747,627,751,635,715,667,630,590,610,513,866,591,612,547,516,456,515,501,508,573,459,595,508,456,548,465,465,502,448,388,419,385,377,385,354,309,360,278,350,360,309,330,245,299,307,244,223,252,274,243,260,238,275,268,264,277,303,254,226,235,208,222,245,280,200,190,185,200,191,198,194,181,196,210,199,188,153,140,181,218,154,162,202,183,195,203,228,186,146,152,159,165,150,137,153,109,123,117,104,122,88,109,89,91,113,95,92,69,71
41,811,684,686,632,722,758,926,798,725,868,857,891,725,631,894,718,722,829,794,746,643,657,698,830,836,757,755,743,655,678,652,735,736,672,731,659,722,685,632,611,588,687,769,543,610,530,524,507,610,633,573,540,492,529,563,492,569,452,508,517,499,425,440,444,398,363,361,369,392,414,348,359,343,347,342,312,309,353,332,290,311,286,309,245,210,286,255,257,258,242,274,260,233,261,242,209,235,225,228,231,226,205,215,167,240,158,225,195,171,208,191,208,183,170,201,256,174,165,234,161,223,165,196,150,148,162,152,117,137,106,131,136,120,104,129,117,101,122,79,86,89
42,783,716,763,754,693,768,833,822,842,868,848,879,810,715,833,731,807,761,816,749,782,746,700,824,758,792,721,775,788,777,712,711,709,854,711,695,727,710,594,589,614,729,802,702,656,658,621,521,679,662,587,640,581,619,520,574,608,628,554,522,536,504,478,449,445,430,471,472,413,447,431,362,354,352,362,313,353,368,286,312,282,303,306,255,304,282,307,342,284,293,290,231,263,261,279,297,246,227,277,249,215,239,239,190,193,227,207,194,220,191,187,183,211,209,195,270,213,210,170,242,177,161,188,161,179,170,155,138,144,148,119,124,111,129,154,100,109,102,110,94,119
43,748,807,757,741,773,794,805,806,797,885,858,908,931,752,782,740,826,893,921,722,862,710,725,804,766,677,763,833,740,718,830,744,754,828,773,754,765,718,733,716,740,727,889,714,682,704,648,607,625,655,578,635,552,737,572,635,611,539,593,586,547,534,413,619,497,507,454,457,504,403,364,421,440,316,336,371,315,312,389,314,325,363,356,328,350,296,341,329,382,301,305,268,305,291,290,278,323,302,237,303,247,277,236,268,282,242,227,241,250,235,236,208,221,236,203,239,248,240,192,198,182,209,182,191,196,203,158,181,170,177,128,127,134,117,140,133,125,116,138,131,90
44,915,719,672,849,737,727,771,817,879,827,858,863,853,771,1043,789,835,962,883,915,853,935,823,765,833,723,807,938,827,918,791,847,852,853,756,731,824,629,794,741,631,852,759,727,811,711,703,697,711,668,555,686,667,636,625,678,619,638,636,634,543,587,502,523,603,518,479,545,449,468,459,437,392,450,431,400,371,397,383,368,370,307,374,377,367,326,336,375,339,367,320,352,329,277,316,321,369,298,291,282,314,293,285,277,284,235,311,247,253,220,245,233,266,237,248,258,277,236,260,253,216,244,213,216,200,154,173,183,170,191,175,159,155,167,140,113,129,141,115,118,116
45,806,739,787,802,838,817,863,855,788,894,940,926,863,808,963,888,844,951,855,977,1030,876,724,906,963,803,854,875,830,894,821,822,1010,908,756,935,798,737,730,874,727,802,734,798,729,610,668,735,743,721,667,650,715,820,715,644,706,712,618,645,679,631,596,560,557,598,499,525,525,534,466,529,540,465,418,443,470,388,426,413,397,380,380,372,361,345,414,433,384,409,371,394,329,377,362,339,359,331,311,327,290,309,337,296,311,302,283,258,280,279,273,230,258,223,248,274,282,242,249,253,232,223,218,188,194,280,193,230,246,208,163,136,163,174,155,182,152,162,116,115,112
46,898,815,746,800,766,960,855,776,833,847,938,831,982,861,977,823,843,934,909,971,1001,964,887,887,838,888,859,997,892,935,899,909,900,833,850,837,900,821,900,796,801,848,780,819,852,792,770,806,894,811,785,655,727,805,746,740,652,657,669,730,662,688,621,616,571,592,587,521,550,507,551,589,557,483,525,505,393,439,442,494,462,497,418,429,409,390,452,436,384,365,411,334,382,380,420,410,307,315,367,441,376,379,371,339,341,335,346,290,332,302,256,270,280,242,317,312,248,275,290,254,246,268,214,232,216,233,229,178,219,189,209,169,197,175,177,174,151,181,133,184,138
47,966,804,834,834,809,856,875,879,792,806,904,984,917,989,945,871,955,955,834,894,988,873,994,1003,803,868,849,921,996,832,905,891,883,866,947,849,817,905,867,834,846,905,785,832,847,909,751,787,780,891,822,920,820,749,866,852,769,753,708,824,747,599,756,684,629,673,704,665,643,620,567,564,667,559,552,491,511,590,489,497,501,465,495,444,515,472,465,569,443,449,410,419,448,499,392,445,417,469,363,402,418,400,349,361,334,386,368,417,279,362,321,308,345,327,288,329,287,295,305,315,272,308,264,299,259,261,275,243,250,250,244,211,203,186,198,178,176,167,168,143,186
48,923,869,857,944,862,844,884,959,877,896,921,958,981,1004,1109,937,1043,955,1064,949,830,973,1033,1119,1000,909,946,911,861,1028,1024,895,1103,861,948,973,979,1041,1016,931,893,975,862,830,784,869,927,944,871,851,880,870,890,860,801,840,913,812,732,723,695,701,717,729,666,687,641,590,671,681,631,673,626,618,610,657,572,583,562,495,619,516,477,519,496,472,540,466,485,509,517,442,503,510,469,460,430,469,415,469,466,448,415,401,371,396,422,405,313,325,378,337,285,391,306,369,332,352,326,338,323,318,302,288,308,257,239,218,235,260,243,244,265,214,224,232,171,218,180,173,145
49,1033,859,868,1021,904,847,924,1057,944,1042,1028,998,961,1036,1099,928,1001,950,929,1161,998,878,1038,1040,1020,1162,1068,949,836,942,1088,1001,1027,1165,974,1005,1011,1055,926,1012,913,998,754,874,979,715,876,999,939,976,896,978,943,986,1024,793,826,1005,785,889,757,840,758,741,764,786,639,733,746,747,655,699,711,646,603,638,561,636,540,592,584,658,536,564,562,582,586,575,563,562,530,518,592,494,572,577,516,453,462,465,524,443,468,399,383,435,464,427,461,368,371,385,355,325,347,354,348,362,377,364,317,369,334,289,317,325,336,287,242,256,201,250,236,256,225,214,198,167,199,228,157
50,1066,842,1046,1083,1021,875,840,1063,1036,1047,1035,1036,1080,1114,998,946,1159,1107,1101,1058,1153,1013,940,1094,1119,1166,1184,1125,1035,899,1098,1120,1142,1193,1141,1042,1039,1035,1108,1058,1145,1005,736,858,1095,924,984,952,1100,1048,968,975,982,1134,935,977,913,948,824,1031,880,887,837,839,922,773,786,670,725,769,786,739,791,629,662,746,630,656,665,668,604,695,613,637,539,589,619,598,528,502,672,583,646,564,592,558,540,560,569,469,490,555,553,555,499,475,482,450,451,479,435,428,361,406,357,391,385,376,349,393,359,363,354,308,350,299,292,289,338,290,253,329,300,243,268,258,267,211,278,248,243
51,1057,948,1101,983,1062,1032,1121,929,1012,1142,1024,1116,1147,972,1179,984,1162,974,1050,1202,1171,1094,1046,1025,1174,1151,1209,1150,1106,1238,1077,1128,1189,1057,1175,1075,1064,1183,1082,1091,1207,1109,886,969,1024,1110,995,1179,1124,1075,1155,1053,972,1078,1071,1052,1090,953,1008,1035,917,947,888,879,842,931,856,838,899,830,770,810,825,805,787,769,679,777,794,715,701,750,689,755,664,641,651,755,600,617,688,626,724,646,562,596,652,604,599,501,520,574,581,554,543,533,593,497,448,516,508,476,455,472,425,431,443,417,419,431,387,401,389,375,348,365,366,334,308,360,341,339,271,315,281,244,271,259,254,243,225
52,1110,964,859,1007,1041,1081,1120,1139,998,972,1107,1167,1047,996,1096,1082,1165,1243,1159,1256,1252,1186,1278,1124,1155,1195,1272,1188,1208,1151,1176,1051,1149,1132,1163,1221,1352,1122,1142,1190,1170,1144,849,1034,1058,1072,1206,1040,1107,1081,1215,1028,1075,1136,1157,1223,1087,1219,968,1072,1075,983,1065,1063,990,896,797,857,848,951,888,905,917,949,945,828,851,834,790,843,859,789,849,695,799,770,745,782,778,654,710,665,677,762,711,635,672,657,664,661,731,629,657,588,542,601,523,565,590,561,534,549,517,486,501,489,469,501,471,448,411,423,360,416,426,398,369,429,379,363,327,295,301,324,299,295,303,306,277,253,268
53,1104,1046,1110,1002,1081,1069,1115,1136,1049,1080,945,1120,1128,1155,1075,1105,1130,1188,1138,1340,1275,1184,1124,1398,1236,1181,1128,1293,1446,1293,1135,1229,1348,1341,1228,1201,1247,1219,1320,1317,1299,1199,1004,1170,1227,1198,967,1134,1094,1002,1175,1221,1142,1220,1154,1316,1259,1154,1143,1167,1258,1072,1130,1178,985,946,980,984,969,986,899,984,898,971,872,916,870,944,892,898,862,802,784,779,847,835,776,766,834,803,780,819,805,810,790,766,728,761,698,742,714,691,657,667,625,664,609,635,600,551,556,562,521,548,543,557,528,453,495,450,497,491,467,470,496,476,422,437,409,410,357,376,342,406,363,376,324,333,307,281,309
54,1110,974,1031,1013,1176,1027,1087,1159,1137,1274,1133,996,1209,1272,1184,1074,1079,1258,1217,1063,1137,1357,1250,1209,1346,1215,1188,1434,1372,1474,1248,1307,1402,1282,1247,1266,1378,1264,1307,1148,1348,1331,1116,1242,1207,1213,1207,1228,1321,1349,1157,1215,1335,1228,1282,1242,1229,1307,1226,1187,1132,1155,1206,1061,1222,998,1006,1047,1066,1036,1010,952,1032,1147,986,972,1007,1002,1010,950,939,875,944,972,910,976,945,889,1045,847,936,888,799,838,849,867,869,698,716,865,795,793,801,800,757,790,751,709,643,588,683,654,618,541,593,509,530,540,570,558,493,518,530,453,428,486,482,513,465,432,383,401,402,442,360,375,390,355,304,312,320
55,1251,1170,1138,1134,1120,1143,1251,1263,1142,1179,1157,1258,1142,1056,1413,1086,1250,1139,1197,1342,1379,1328,1243,1352,1412,1374,1227,1278,1407,1501,1266,1334,1391,1382,1244,1390,1331,1460,1371,1409,1244,1351,1029,1291,1299,1359,1285,1315,1255,1233,1209,1344,1423,1413,1410,1369,1191,1116,1219,1256,1244,1237,1129,1362,1317,1316,1141,1067,1168,1190,1109,1100,1225,1099,1033,1001,1133,1037,1096,1039,1102,1062,995,1048,1017,1063,934,1113,1007,953,921,883,963,859,931,862,911,895,852,840,856,832,853,852,846,809,821,743,801,785,665,674,711,685,739,646,609,640,573,574,504,602,583,534,503,531,496,495,509,448,466,499,397,469,451,422,425,411,347,416,337
56,1373,1104,1130,1103,1214,1173,1260,1207,1090,1241,1248,1382,1178,1269,1354,1364,1341,1234,1234,1271,1408,1293,1357,1341,1434,1317,1278,1437,1200,1360,1441,1546,1551,1478,1422,1242,1354,1390,1449,1464,1486,1478,1075,1338,1466,1439,1547,1410,1419,1383,1227,1359,1292,1473,1487,1421,1427,1389,1488,1410,1392,1243,1364,1335,1189,1280,1293,1117,1211,1214,1162,1186,1134,1172,1183,1202,1149,1170,1090,1086,1041,1161,1035,1149,999,1053,1140,1066,1055,1088,1126,968,1118,1132,929,911,996,882,941,977,879,949,921,900,966,900,938,865,801,895,811,860,752,768,676,746,759,637,585,680,710,660,646,554,600,513,511,579,491,535,533,474,460,478,491,399,471,443,459,417,404
57,1417,1164,1348,1306,1291,1191,1347,1269,1309,1326,1270,1345,1284,1249,1266,1321,1311,1364,1279,1310,1401,1278,1371,1379,1464,1402,1541,1432,1373,1358,1681,1407,1716,1570,1457,1570,1342,1339,1658,1288,1643,1625,1156,1546,1578,1506,1470,1618,1708,1368,1370,1373,1347,1513,1399,1499,1585,1522,1456,1375,1550,1307,1553,1380,1410,1252,1230,1297,1269,1197,1247,1308,1236,1307,1310,1246,1182,1138,1216,1237,1083,1192,1207,1142,1149,1210,1340,1308,1149,1164,1121,1196,1169,1176,997,1108,1012,1075,891,1002,984,980,1039,917,1031,957,918,956,913,796,840,830,789,820,783,808,854,694,646,730,674,641,667,655,682,613,638,582,596,521,574,568,520,458,474,508,426,505,443,410,451
58,988,1262,1368,1369,1228,1308,1339,1336,1432,1217,1372,1245,1351,1272,1474,1240,1439,1412,1510,1400,1436,1364,1448,1317,1525,1457,1628,1542,1437,1459,1481,1563,1485,1747,1511,1564,1607,1412,1614,1577,1511,1636,1162,1532,1408,1653,1664,1595,1614,1605,1607,1481,1685,1605,1438,1606,1812,1675,1511,1341,1549,1435,1452,1587,1530,1353,1454,1297,1502,1370,1381,1349,1437,1314,1308,1354,1230,1303,1331,1260,1250,1374,1318,1348,1276,1295,1353,1322,1305,1218,1273,1178,1174,1131,1265,1129,1078,1095,1098,1112,1062,1000,1045,1063,1020,1058,1117,1044,1063,1034,940,909,982,865,850,910,785,724,734,752,703,724,743,667,685,629,643,665,614,674,616,593,561,578,540,495,525,540,572,501,422
59,1345,957,1248,1491,1393,1426,1415,1412,1483,1405,1460,1370,1528,1223,1533,1284,1319,1469,1618,1367,1431,1336,1495,1594,1524,1602,1482,1691,1583,1686,1479,1614,1612,1700,1837,1786,1697,1756,1518,1661,1883,1721,1160,1714,1556,1588,1732,1755,1698,1708,1595,1558,1592,1512,1519,1791,1705,1648,1603,1624,1509,1460,1474,1592,1559,1735,1496,1464,1596,1458,1359,1451,1588,1577,1525,1453,1335,1493,1472,1383,1441,1425,1447,1306,1394,1456,1418,1447,1320,1424,1335,1391,1458,1341,1390,1279,1166,1105,1262,1230,1183,1178,1137,1241,1127,1124,1149,1122,1111,1103,1074,1023,939,951,879,814,875,802,841,867,773,767,777,756,816,704,718,747,702,650,638,641,699,619,647,568,581,579,548,537,519
60,1304,1221,1068,1541,1434,1414,1527,1678,1395,1397,1591,1621,1495,1514,1580,1530,1605,1418,1451,1541,1401,1693,1447,1571,1587,1821,1862,1795,1640,1631,1814,1738,1665,1624,1783,1776,1680,1796,1729,1607,1663,1666,1256,1681,1802,1716,1736,1638,1893,1765,1631,1778,1623,1686,1658,1638,1669,1810,1870,1705,1747,1574,1682,1745,1678,1730,1714,1592,1777,1667,1598,1490,1592,1498,1551,1412,1624,1437,1608,1604,1488,1593,1580,1565,1495,1602,1494,1521,1552,1487,1458,1479,1488,1430,1377,1319,1413,1448,1188,1238,1238,1164,1260,1174,1268,1319,1117,1277,1207,1139,1137,1165,1048,1062,1127,993,1079,838,909,885,841,855,818,843,854,735,828,773,752,711,695,648,627,622,684,619,658,637,614,620,539
61,1521,1344,1257,1138,1400,1483,1528,1534,1477,1545,1404,1379,1519,1545,1448,1576,1694,1608,1517,1604,1654,1585,1509,1470,1516,1692,1790,1728,1466,1866,1750,1668,1743,1565,2015,1877,1780,1865,1575,1752,1715,1777,1319,1820,1751,1937,1749,1772,2030,2047,1765,1936,1901,1873,1912,1684,1625,1643,1730,1873,1905,1755,1602,1578,1780,1877,1712,1823,1616,1856,1574,1623,1551,1607,1633,1686,1548,1812,1555,1743,1576,1600,1563,1552,1693,1616,1686,1568,1718,1575,1554,1571,1564,1622,1457,1607,1517,1442,1350,1405,1340,1328,1303,1337,1456,1347,1229,1284,1253,1300,1194,1110,1218,1095,1139,1164,1038,1131,963,1025,964,923,1030,898,888,927,940,904,788,806,790,811,691,746,703,665,659,732,634,672,614
62,1460,1321,1469,1330,1032,1432,1623,1632,1500,1508,1578,1493,1622,1477,1558,1462,1723,1697,1590,1595,1804,1691,1609,1705,1646,1540,1611,1867,1732,1711,1710,1871,1852,1774,1776,1862,1842,1896,1836,1965,1846,1833,1389,1947,1923,1798,2140,1848,1955,1982,2177,1930,1924,2071,1755,1906,1876,1710,1677,1810,1950,1879,1845,1882,1712,1824,1816,1772,1861,1718,1707,1732,1585,1824,1735,1869,1501,1638,1720,1701,1841,1819,1684,1753,1753,1774,1884,1875,1736,1703,1608,1666,1641,1691,1678,1634,1638,1685,1561,1537,1508,1378,1529,1440,1483,1434,1438,1422,1403,1334,1279,1367,1267,1213,1406,1102,1144,1114,1086,1054,1004,968,1068,1038,936,942,880,871,833,889,864,905,899,688,808,760,793,675,694,804,732
63,1404,1519,1542,1700,1436,1185,1676,1664,1581,1395,1543,1689,1467,1593,1757,1528,1682,1699,1618,1687,1668,1778,1712,1608,1688,1610,1748,1820,1898,1866,1934,1962,1880,1892,1924,1740,2003,1846,2171,2070,1892,2070,1218,1705,1881,1938,2145,2051,2152,1932,1998,2043,1872,2015,2047,2059,1889,1895,1784,1918,1861,2018,2058,2235,1942,1997,1901,1830,2022,1861,1828,1987,1858,1848,1930,1858,1764,2024,1820,1772,1799,1943,1679,1775,1882,1968,1860,1911,1829,1974,1803,1804,1664,1800,1798,1815,1681,1695,1790,1549,1799,1612,1563,1589,1597,1614,1601,1583,1527,1394,1431,1359,1347,1271,1335,1318,1275,1265,1163,1277,1141,1107,1152,1220,1071,1006,1039,974,937,930,827,961,905,919,850,804,905,779,807,776,712
64,1569,1380,1561,1584,1538,1424,1184,1662,1834,1691,1676,1685,1762,1595,1533,1504,1748,1736,1589,1787,1758,1849,1884,1659,1791,1723,1729,1910,1777,2088,1962,1900,1956,1994,2084,1885,1724,2027,2065,2136,1994,2223,1364,1975,2116,2099,2047,1936,2321,2137,1945,2276,2023,2130,2088,2283,2233,1990,2098,1943,1992,1976,2272,2118,2084,1884,1865,1988,2175,1983,2061,1895,1963,1844,2009,1953,1844,1981,1879,1912,2004,1874,1885,1942,2130,1960,1966,2058,1934,1890,2098,1935,2059,2051,1899,2023,1780,1922,1778,1656,1816,1721,1680,1750,1587,1774,1580,1746,1600,1702,1674,1503,1721,1533,1344,1430,1399,1397,1202,1307,1207,1263,1326,1233,1138,1077,1012,1016,1011,984,962,971,979,952,873,916,927,944,854,959,912
65,1473,1429,1598,1648,1706,1685,1506,1418,1845,1683,1763,1711,1619,1861,1546,1790,1727,1783,1780,1846,1784,1884,1700,1799,1880,1704,2007,1874,1903,1950,1854,1882,2066,1857,2070,2077,1846,1815,2073,2087,2052,2097,1594,2194,1924,1937,2269,2149,2245,2520,2061,2196,2284,2392,2191,2399,2320,2199,2043,2451,1991,1989,2185,2299,2205,2197,2104,2015,2130,2100,1975,2132,2214,2038,2046,2067,2148,2237,2223,2116,2083,1983,1951,2025,2132,2024,2206,2298,2109,2317,2188,2057,2058,2127,2108,2055,2038,1947,1848,1953,1958,2034,1873,1798,1948,1911,1834,1805,1609,1802,1688,1686,1558,1617,1545,1482,1555,1527,1475,1407,1392,1419,1265,1236,1235,1260,1159,1140,1159,1136,1031,1083,1041,1014,1009,1045,1006,962,1004,854,962
66,1478,1503,1473,1522,1665,1587,1697,1642,1247,1751,2007,1720,1843,1642,1906,1698,1879,1825,1886,1792,1905,2010,1972,1821,1886,1878,1924,1983,1824,1910,2122,2144,1947,2075,2137,2068,2168,2063,2064,2163,2415,2520,1454,2226,1987,2052,2362,2316,2313,2263,2309,2213,2335,2414,2468,2353,2363,2345,2297,2366,2248,2119,2206,2314,2471,2368,2259,2025,2153,2312,2246,2179,2474,2193,2180,2378,2307,2290,2363,2250,2183,2272,2304,1981,2243,2303,2224,2374,2294,2316,2335,2421,2330,2254,2103,2241,2086,2120,2212,2174,2008,2135,2027,1952,1994,1907,1899,2005,1793,1956,1901,1792,1758,1762,1781,1740,1646,1671,1525,1610,1554,1369,1346,1358,1330,1423,1228,1290,1236,1166,1157,1179,1179,1013,1090,993,1016,1037,1058,1009,997
67,1500,1497,1528,1640,1569,1540,1817,1850,1721,1291,1864,1919,1781,1882,1812,1813,1777,1811,2024,1772,2001,1912,1904,1743,1700,1964,1986,2057,1961,1889,2110,2145,2136,2184,2236,2096,2364,2279,2110,2110,2471,2581,1507,2330,2122,2239,2269,2098,2335,2319,2508,2391,2488,2409,2361,2395,2421,2363,2502,2539,2373,2352,2365,2154,2346,2321,2354,2316,2358,2358,2232,2371,2307,2313,2389,2397,2344,2439,2389,2373,2332,2501,2322,2478,2450,2328,2388,2347,2378,2473,2435,2502,2421,2388,2373,2346,2394,2231,2437,2331,2243,2220,2092,2158,2019,2102,2054,2096,2157,1953,2128,1983,1950,1853,1928,1861,1822,1843,1742,1623,1535,1614,1541,1478,1497,1406,1331,1427,1381,1186,1201,1207,1147,1150,1184,1151,1142,1002,1139,1130,1081
68,1519,1659,1513,1672,1735,1557,1692,1905,1834,1665,1322,1778,2115,1799,1708,1854,1856,1765,1845,1831,1862,1802,1915,1883,1907,1840,2051,1986,2008,1999,2027,2193,2121,2337,2253,2119,2224,2339,2331,2239,2034,2412,1671,2368,2212,2410,2438,2107,2322,2296,2151,2475,2460,2494,2544,2478,2598,2397,2597,2577,2319,2404,2458,2347,2258,2437,2314,2544,2658,2465,2652,2551,2673,2561,2434,2571,2476,2323,2603,2419,2543,2647,2430,2377,2374,2269,2522,2654,2538,2629,2491,2577,2531,2661,2534,2441,2347,2456,2513,2360,2268,2268,2394,2246,2286,2189,1974,2041,2058,2171,2221,2202,2023,1937,2075,1997,1809,1874,1874,1774,1735,1795,1614,1567,1672,1626,1447,1428,1297,1366,1298,1331,1450,1362,1363,1276,1154,1207,1198,1238,1118
69,1478,1537,1657,1732,1764,1556,1525,1790,1952,1756,1673,1416,1890,2002,1841,1739,1875,1861,1880,1868,2001,1910,1897,1924,1961,1793,2024,2207,2055,2050,1949,2140,2056,2182,2324,2063,2289,2306,2457,2474,2496,2278,1716,2398,2420,2510,2709,2493,2327,2452,2504,2458,2497,2610,2394,2523,2494,2459,2408,2769,2585,2653,2696,2669,2709,2209,2449,2518,2629,2745,2604,2617,2832,2813,2448,2631,2438,2587,2532,2764,2706,2761,2536,2562,2622,2490,2627,2618,2621,2751,2561,2654,2671,2717,2667,2684,2641,2499,2392,2536,2561,2493,2423,2429,2273,2257,2296,2235,2301,2357,2295,2162,2281,2115,2156,2077,2138,2161,1994,2118,1959,1896,1806,1808,1821,1668,1629,1612,1556,1585,1381,1433,1330,1305,1387,1303,1345,1299,1304,1283,1144
70,1595,1632,1774,1788,1775,1739,1874,1779,1873,1972,1738,1765,1441,1813,2016,1906,1833,1932,1915,1768,1914,2223,1851,1919,1847,2089,1919,1822,2076,2146,2149,2103,1964,2147,2189,2348,2440,2524,2444,2501,2578,2423,1522,2560,2566,2601,2599,2550,2437,2465,2497,2886,2529,2555,2516,2665,2623,2653,2859,2595,2753,2744,2856,2717,2792,2611,2624,2604,2938,2672,2832,2632,2902,2900,2770,2849,2646,2855,2730,2786,2740,2949,2550,2596,2680,2524,2731,2828,2682,2782,2849,2959,2900,2694,2676,2664,2509,2648,2793,2561,2680,2634,2527,2516,2639,2529,2471,2420,2245,2283,2307,2172,2180,2149,2235,2218,2321,2134,2144,2255,2055,1925,1908,1975,1919,1852,1981,1572,1692,1559,1640,1553,1411,1530,1436,1501,1479,1426,1353,1425,1284
71,1484,1663,1505,1758,1576,1808,1714,1808,1697,1737,1725,2165,1726,1390,1885,1850,1991,1807,1913,2085,1900,2104,1950,1868,2032,2033,2102,2084,2058,2288,2113,2037,2193,2027,2123,2397,2177,2491,2402,2328,2475,2682,1720,2372,2387,2648,2846,2838,2469,2618,2521,2648,2764,2504,2570,2645,2772,2563,2610,2716,2627,2682,2687,2809,2947,2698,2618,2593,2713,2653,2947,2911,2943,2917,2878,2959,2877,2785,2836,2640,2915,2689,2675,2862,2754,2944,2801,2887,2818,3042,2882,2933,2763,2952,2943,2797,2933,2857,3006,2590,2874,2587,2611,2568,2616,2802,2556,2510,2489,2342,2419,2566,2292,2239,2532,2456,2238,2223,2140,2265,2314,1996,2100,2222,2094,2007,1983,1817,1691,1811,1623,1695,1549,1498,1669,1476,1462,1440,1514,1501,1447
72,1671,1475,1564,1439,1681,1721,1657,1706,1955,1627,1825,1929,1961,1782,1602,1957,2206,1814,1935,1944,1989,1708,2045,2114,1849,2006,2039,2168,2055,1915,2167,1992,2284,2111,2184,2225,2533,2333,2249,2339,2402,2536,1659,2435,2221,2598,2893,2863,2737,2490,2466,2483,2560,2695,2599,2266,2595,2700,2493,2850,2830,2884,2932,3119,2875,2865,2909,2962,2827,3050,2934,2921,2827,3079,2872,3163,3010,2918,2877,2957,3015,2927,3052,2988,2940,3064,2995,2907,2891,2884,3045,2797,2959,3289,3061,3059,3019,2843,2864,2847,2752,2734,2969,2735,2868,2715,2830,2801,2622,2551,2529,2521,2584,2540,2537,2477,2519,2489,2537,2375,2311,2158,2330,2219,2071,2180,2147,1997,1884,1899,1848,1784,1736,1700,1569,1580,1554,1676,1548,1648,1588
73,1547,1550,1578,1806,1612,1703,1770,1816,1822,1891,1813,1860,1985,2017,1665,1450,1958,2095,1750,1859,1810,2140,1779,1943,1978,2016,1857,1962,1854,1882,1941,2018,2047,2040,2116,1958,2112,2225,2664,2463,2307,2440,1715,2513,2044,2382,2587,2766,2913,2827,2461,2677,2572,2630,2613,2911,2718,2707,2625,2626,2826,2995,2761,3212,2940,2898,2982,2896,3110,2940,2843,3104,2953,3095,3099,3089,3240,2986,2845,2997,3038,3052,2969,2900,2969,2975,3283,2944,2869,3018,3181,3214,3041,3197,3163,3047,3169,2984,3084,3081,2914,2854,3062,3004,2890,2868,3014,3035,2842,2767,2749,2686,2769,2719,2532,2532,2619,2760,2538,2448,2495,2695,2378,2420,2326,2170,2258,2392,2151,2000,1954,2065,1907,1939,1846,1799,1830,1797,1707,1807,1626
74,1549,1591,1776,1669,1634,1646,1576,1983,1695,1590,1940,1877,1738,1884,1970,1770,1410,1897,2014,1882,2061,2038,1884,2008,1899,1991,2110,1958,2048,1999,2034,2050,2044,2229,2077,2141,2177,2292,2334,2635,2622,2510,1573,2448,2539,2603,2554,2646,2876,2912,2740,2794,2534,2573,2502,2755,2656,2797,2848,2924,2809,3009,2990,2974,3071,3288,2920,3043,2975,3107,3182,2874,3067,3174,3161,3103,3110,3161,3143,2980,3238,3187,3110,3233,3168,3141,3164,3315,3250,3236,3219,3168,3235,3213,3212,3129,3001,3314,3026,3167,3191,3112,3144,3114,3188,3091,2920,2906,3019,3156,2973,2921,2791,2982,2852,2889,2895,2677,2672,2679,2885,2739,2804,2582,2388,2516,2372,2373,2410,2256,2208,2011,2056,2121,1924,1999,1832,1966,1803,1912,1794
75,1298,1433,1552,1584,1596,1570,1427,1759,1790,1668,1765,1812,1849,2156,1737,1889,1637,1290,1704,1903,1824,2005,1909,1753,1770,1798,1940,1897,1764,1871,2123,1834,1957,2126,2214,2125,2259,2110,2324,2333,2544,2410,1452,2242,2224,2555,2533,2398,2500,2720,2899,2818,2620,2743,2504,2714,2781,2636,2813,2856,2857,2831,3491,2926,3091,2951,3309,3138,2870,3020,3205,3098,3167,3157,3292,3343,3284,3242,3282,3118,3334,3176,3075,3054,3185,3016,3255,3357,2942,3334,3215,3139,3468,3130,3098,3143,3268,3238,3211,3161,3271,3170,3025,3094,3012,3087,3037,3185,3101,3069,3108,2886,3031,2856,3034,2855,2824,2900,3124,2731,2687,2890,2882,2831,2767,2626,2410,2642,2306,2442,2481,2275,2194,2188,2133,2243,2053,1999,1934,2066,1961
76,1171,1250,1359,1415,1510,1378,1589,1637,1734,1686,1682,1640,1783,1711,1555,1833,1835,1657,1345,1871,2024,1834,1812,1913,1876,1754,1991,1866,1922,1785,1885,1991,1886,1715,1933,1932,2094,2142,2182,2124,2427,2297,1455,2267,2140,2548,2647,2268,2104,2657,2511,2874,2795,2548,2619,2499,2493,2702,2733,2648,2836,3038,3132,2920,2929,2882,3331,3091,3258,2943,3177,2995,3028,3307,3041,3279,3199,3238,3226,3530,3507,3390,3278,3237,3252,3103,3222,3658,2940,3529,3076,3236,3490,3163,3410,3306,3250,3268,3363,3233,3401,3356,3387,3362,3153,3263,3043,3307,3076,3283,3206,3155,3267,3249,2974,3142,2940,3097,2916,3024,3002,2904,2897,3005,2836,2798,2773,2733,2667,2476,2578,2425,2402,2482,2517,2319,2360,2206,2285,2202,2207
77,1099,1176,1045,1302,1278,1293,1326,1560,1527,1556,1612,1555,1624,1647,1386,1689,1918,1785,1557,1211,1776,1876,1912,1778,1557,1697,1770,1766,1783,1780,1744,1923,2031,1906,1906,1783,2302,2155,2008,2242,2228,2140,1262,2312,2187,2107,2506,2770,2660,2191,2748,2417,2818,2629,2495,2777,2426,2755,2728,2820,2712,2699,2855,2946,3024,3078,2859,3111,3303,3031,3062,3299,3009,3333,3070,3301,3081,3116,3341,3596,3368,3352,3225,3259,3584,3142,3394,3298,3114,3524,3187,3234,3447,3444,3186,3318,3269,3347,3186,3275,3257,3129,3368,3228,3268,3420,3288,3161,3353,3160,3115,3208,3291,3272,3419,3138,3201,3271,3136,3228,3171,2960,3379,2934,3093,2946,2992,2859,2728,2945,2668,2548,2735,2779,2662,2583,2489,2494,2369,2484,2172
78,974,1156,1252,1207,1273,1470,1195,1463,1501,1200,1366,1493,1533,1423,1339,1274,1476,1716,1709,1424,1270,1673,1950,1714,1526,1730,1662,1714,1609,1845,1826,1793,1716,1797,1860,1705,1896,1947,2075,2061,1915,1923,1296,2073,1879,2189,2457,2506,2619,2429,2716,2521,2571,2296,2573,2560,2502,2457,2376,2669,2713,2738,2692,2823,2928,2876,2999,2912,2865,2916,3093,3118,2955,3165,3189,3013,3352,3280,3081,3419,3340,3215,3318,3379,3441,3310,3259,3386,3413,3131,3537,3201,3280,3364,3201,3580,3190,3556,3260,3451,3495,3365,3303,3386,3349,3379,3332,3437,3232,3318,3292,3414,3261,3249,3485,3119,3343,3480,3147,3322,3216,3245,3202,3292,3186,3107,3094,3105,2903,2865,3123,2930,2722,2719,2884,2747,2849,2594,2398,2689,2379
79,933,1165,1061,1029,1169,1115,1164,1418,1291,1375,1330,1362,1343,1258,1096,1421,1362,1403,1414,1538,1560,1129,1335,1763,1469,1620,1748,1643,1503,1651,1492,1663,1628,1651,1648,1613,1618,1865,1822,2012,2077,1745,1152,2133,2018,2152,2176,2067,2170,2393,2350,2097,2258,2385,2381,2531,2581,2336,2452,2486,2671,2704,2464,2601,2827,2716,3092,2987,2690,3092,3075,3041,2985,3109,3022,3088,3193,3207,3347,3373,3488,3208,3205,3225,3196,3327,3051,3285,3435,3309,3224,3068,3476,3224,3187,3350,3335,3481,3519,3444,3338,3451,3663,3442,3502,3414,3684,3318,3451,3504,3430,3498,3417,3435,3413,3385,3194,3394,3260,3369,3477,3422,3393,3419,3441,3251,3296,3305,3021,3326,3220,3195,2943,2930,2989,3006,2898,2769,2677,2847,2637
80,886,869,1071,977,1258,1111,1100,1147,1170,1032,1140,1185,1296,1076,1089,1170,1326,1269,1256,1350,1243,1436,1247,1406,1349,1418,1511,1435,1455,1386,1524,1513,1532,1516,1610,1479,1487,1618,1607,1819,1837,1796,987,1787,1694,1910,2066,2052,1979,2128,2251,2100,2003,2067,2095,2093,2319,2196,2525,2301,2340,2469,2730,2678,2635,2485,2787,2711,2790,2777,2885,2657,2854,2785,3035,2950,3119,3237,2946,3269,3408,3026,3013,3095,3222,3031,3048,3073,3180,3312,2929,3047,3324,3118,3292,3373,3398,3154,3269,3400,3408,3410,3460,3455,3435,3576,3579,3468,3624,3470,3560,3339,3521,3544,3436,3520,3661,3537,3666,3296,3602,3585,3576,3554,3657,3507,3513,3556,3525,3262,3339,3310,3226,3267,3263,3111,3106,3202,3178,3071,3050
81,674,844,958,791,951,917,882,1014,1087,1016,983,1122,996,1176,959,982,1021,1207,1041,1143,1408,1319,1429,1075,1060,1236,1352,1203,1225,1228,1347,1390,1342,1314,1456,1479,1522,1479,1468,1605,1695,1502,905,1587,1608,1870,1752,1881,2034,1938,2156,1965,1901,1656,2163,2056,2153,2224,2231,2343,2125,2373,2195,2296,2300,2680,2817,2699,2641,2534,2575,2747,2631,2719,2952,2904,3022,3002,3024,3036,2818,3034,3124,3323,3117,2848,3060,2982,3007,3306,3067,3272,3020,3112,3079,3209,3170,3308,3199,3379,3408,3338,3352,3484,3332,3384,3564,3561,3392,3561,3498,3593,3532,3585,3606,3930,3500,3442,3657,3562,3593,3817,3604,3596,3854,3569,3504,3761,3659,3833,3763,3617,3617,3734,3521,3554,3440,3551,3361,3387,3289
82,643,749,734,742,886,709,834,862,880,830,861,915,878,935,819,956,984,768,917,1039,975,1122,1084,1253,1010,1071,1231,1171,1201,1137,1191,1126,1140,1219,1263,1236,1345,1129,1534,1553,1330,1284,849,1323,1541,1668,1740,1664,1433,1696,1894,1789,1884,1724,1696,1861,1698,2240,2017,1783,2164,1944,1985,2157,2032,2248,2495,2492,2222,2509,2503,2620,2562,2743,2608,2676,2850,2996,3032,2826,2940,2772,2925,2947,2884,3124,2951,2881,3132,2919,3070,2851,3042,2928,3182,3094,3204,3213,3244,3177,3191,3242,3538,3311,3632,3602,3242,3545,3311,3271,3553,3291,3536,3679,3541,3522,3610,3592,3626,3728,3775,3570,3816,3948,3652,3909,3876,3624,3770,4013,3795,3663,3802,3793,3779,3750,3546,3502,3614,3686,3479
83,532,662,663,536,567,656,669,779,731,774,652,790,726,794,693,857,919,823,743,872,978,942,905,954,917,761,1082,885,954,946,1061,1035,1067,1113,1073,1045,1181,1059,1276,1286,1274,1191,706,1196,1380,1124,1453,1807,1547,1676,1530,1478,1590,1475,1768,1574,1577,1951,1970,1792,1832,2107,1949,1761,1888,2039,2073,2384,2074,2119,2135,2286,2251,2375,2528,2361,2595,2514,2672,2563,2541,2828,2591,2663,2719,2590,2700,2604,2681,2654,3034,2981,2916,2796,2717,2849,2930,2917,3164,2914,3145,3090,2954,3076,3392,3206,3183,3457,3456,3402,3307,3478,3593,3552,3509,3638,3560,3590,3724,3682,3709,3714,3953,3846,3739,4001,4010,4153,3841,3963,3914,4075,4086,3820,4006,3736,3798,3985,3799,3640,3683
84,433,606,510,550,573,571,570,634,745,649,641,592,715,634,610,727,719,619,631,790,804,735,692,758,741,839,811,927,844,690,888,931,937,744,937,860,1060,938,945,1017,1094,956,551,1043,1107,1265,1094,1355,1275,1406,1530,1500,1448,1431,1489,1381,1386,1673,1666,1582,1741,1647,1802,1769,1546,1696,2066,2063,1855,1899,2158,2103,2104,2155,2258,2277,2493,2490,2435,2359,2257,2239,2616,2467,2570,2613,2551,2396,2512,2524,2547,2465,2571,2728,2787,2847,2830,2965,2998,2990,2846,3021,2929,3172,2881,2929,3088,3091,3224,3338,3156,3309,3297,3286,3612,3456,3547,3438,3547,3676,3706,3760,3740,3922,3914,3699,3802,4286,3939,4092,3991,3988,3967,4101,3967,4024,4023,4334,3866,4101,4149
85,361,516,451,441,507,498,462,579,598,493,464,471,530,607,469,545,637,530,515,559,649,885,693,742,593,689,826,605,750,602,663,666,845,729,697,811,771,838,886,945,900,777,563,822,845,1128,1059,1237,1035,1094,1175,1098,1265,1021,1360,1271,1321,1314,1603,1260,1493,1481,1757,1410,1313,1567,1606,1707,1628,1864,1699,1866,1861,1922,1986,2129,2156,2051,2196,2196,2078,2317,2526,2465,2195,2290,2281,2238,2443,2328,2391,2418,2288,2385,2450,2421,2604,2403,2504,2763,2798,2786,2639,3082,2986,2856,3009,2962,2954,3344,3079,3235,3261,3407,3491,3360,3020,3424,3351,3568,3547,3606,3844,3551,3831,3841,3916,4022,4010,4075,4059,4126,4426,4178,4154,4421,4369,4159,4179,4108,4235
86,320,405,360,329,402,405,384,443,459,452,423,422,493,471,372,427,604,411,436,457,558,637,562,627,533,563,689,606,644,514,672,542,662,585,562,548,708,692,823,792,787,589,473,683,800,917,747,1016,910,975,1110,1015,1007,854,1033,1068,1008,1111,1250,1165,1113,1231,1224,1102,1234,1594,1440,1502,1335,1415,1677,1423,1571,1727,1864,1696,1806,1850,1888,1984,2181,2009,2098,2144,2060,2231,2148,2018,2279,2104,2213,2143,2240,2052,2425,2244,2218,2368,2588,2496,2418,2495,2556,2497,2592,2679,2844,2776,2979,2943,2862,2770,2989,3130,3316,2977,3267,3291,3376,3186,3395,3711,3719,3582,3641,3747,3929,4022,3924,4025,4045,4263,4315,4400,4373,4256,4440,4383,4568,4175,4560
87,248,326,280,254,312,323,303,354,369,349,335,329,362,367,272,329,408,316,320,358,452,478,427,506,428,502,504,444,521,366,494,485,514,482,521,517,604,588,550,644,701,582,346,586,538,757,662,820,761,858,899,792,738,649,974,828,942,930,1208,919,1075,1134,1016,1056,1049,1261,1096,1388,1133,1270,1123,1347,1381,1205,1745,1572,1753,1556,1761,1723,1707,1632,1886,1887,1868,1851,1805,1661,1928,1769,2099,1819,1902,1783,1909,2109,1984,2176,2211,2310,2336,2309,2379,2486,2485,2449,2490,2532,2770,2633,2698,2935,2806,2945,2920,2866,3028,2935,3284,3124,3366,3371,3313,3658,3482,3740,3715,3957,3890,3930,4244,4239,3989,4027,4128,4318,4253,4451,4510,4501,4432
88,186,255,214,191,238,252,235,277,291,267,259,251,277,278,203,250,323,238,239,275,359,372,334,400,324,397,399,349,409,279,340,378,413,375,415,360,504,439,460,510,531,396,271,440,484,613,603,705,539,610,675,711,689,569,794,708,661,849,761,626,847,890,720,862,754,958,1004,1052,829,987,1238,1040,1174,1268,1393,1239,1455,1466,1422,1389,1499,1454,1780,1542,1560,1509,1374,1402,1581,1531,1718,1687,1558,1625,1713,1622,1864,2047,1737,1867,2067,2132,1994,2011,2101,2311,2276,2334,2469,2489,2606,2518,2533,2658,2593,2662,2937,3005,2951,3081,3083,3285,3219,3359,3360,3319,3484,3523,3649,3892,4028,4076,4145,4047,4439,4169,4231,4266,4281,4535,4420
89,136,193,159,140,177,192,178,212,224,197,196,187,206,204,147,185,250,174,175,206,279,282,256,308,237,306,308,268,313,207,256,288,313,282,316,268,389,339,348,394,407,295,205,335,364,486,373,560,420,473,539,476,537,460,630,505,516,675,610,500,668,711,636,607,592,772,781,855,631,747,859,803,1019,967,1004,1047,1178,952,1272,1154,1039,997,1377,1617,1317,1370,1210,1225,1586,1355,1391,1446,1283,1488,1427,1279,1552,1590,1838,1738,1801,1910,1695,1820,1841,2063,2073,1983,2248,2193,2086,2199,2340,2386,2370,2528,2336,2492,2607,2749,2996,2958,2906,3078,3003,3314,3221,3404,3661,3621,3745,3891,3953,4094,3853,4100,4384,3978,4280,4431,4395
90,96,142,116,100,128,143,132,158,169,141,144,136,149,144,104,134,189,125,124,151,212,207,192,231,167,230,232,201,232,150,189,214,230,206,235,193,292,255,256,296,304,214,150,249,265,377,276,434,320,357,422,353,411,347,486,370,387,523,478,375,511,553,478,453,439,606,609,662,470,575,678,628,762,762,883,753,1056,779,802,915,742,914,1017,1018,1011,1241,913,849,1107,1107,1021,1313,1173,1127,1189,1234,1507,1510,1400,1361,1466,1529,1530,1653,1502,1525,1726,1678,1922,1889,2332,2142,2145,2240,2102,2063,2237,2227,2499,2621,2554,2733,2613,2775,2805,3032,3059,3012,3462,3321,3380,3399,3765,3851,3645,3918,3852,4214,3978,4252,4385
91,65,102,83,69,91,103,96,115,125,98,103,97,105,98,72,93,139,87,85,108,158,148,140,168,114,168,171,148,167,106,135,155,164,147,171,136,212,187,181,217,220,150,106,180,187,285,199,328,239,262,324,253,306,255,365,262,281,395,366,274,380,419,348,328,315,464,463,497,339,430,521,479,592,583,697,583,682,629,721,658,623,744,874,833,827,1072,747,697,924,830,777,1072,835,868,1047,916,1011,921,1145,1454,1246,1246,1313,1540,1349,1343,1454,1434,1411,1385,1709,1791,1736,1615,1701,1885,1844,2126,1968,2333,2368,2294,2224,2478,2727,2765,2882,2841,3102,2961,3091,3367,3437,3444,3472,3403,3691,3546,3904,3765,4027
92,43,70,57,46,63,73,68,82,90,65,72,67,72,65,48,63,100,60,57,76,115,102,100,118,75,120,123,106,116,73,94,110,113,102,121,92,149,133,125,155,155,103,73,127,127,210,139,241,174,187,244,175,222,182,265,179,198,290,274,195,273,309,246,230,219,346,343,362,236,312,390,356,449,434,537,425,515,471,540,493,463,536,667,645,592,696,608,504,695,706,718,799,727,677,818,764,953,880,946,927,1019,1029,1070,965,1104,1008,1083,1102,1269,1337,1425,1492,1473,1641,1411,1639,1685,1695,1808,1652,1879,2048,1793,2139,2091,2330,2467,2283,2479,2825,2708,2756,2865,2769,3076,3146,3421,3513,3559,3471,3603
93,28,47,39,30,43,50,47,56,63,42,49,45,48,41,31,42,70,40,37,51,81,68,70,81,47,83,86,74,78,49,64,75,76,68,83,61,102,92,83,107,105,68,48,87,84,151,95,172,123,129,179,117,156,127,187,118,136,207,201,134,190,222,168,157,147,251,248,255,160,219,284,257,330,313,403,299,377,342,391,359,335,395,500,484,440,531,447,366,522,447,526,578,495,559,658,648,720,686,744,765,732,904,916,932,793,823,943,886,1005,1143,1200,1136,1145,1038,1078,1177,1259,1448,1524,1477,1599,1564,1783,1677,1892,1849,1851,1956,2209,2153,2182,2247,2471,2344,2769,2762,2803,2846,3142,3014,3173
94,17,30,26,19,28,34,32,38,44,26,32,30,31,25,19,27,48,26,23,34,56,44,47,54,29,56,58,50,51,32,42,51,49,44,56,39,67,62,53,72,69,44,31,58,53,106,63,120,86,87,129,76,107,86,128,74,90,143,143,90,128,154,111,103,96,176,175,174,104,150,201,180,237,218,295,203,267,242,274,253,234,282,364,353,317,394,318,255,379,325,377,433,360,412,429,452,501,534,526,577,547,664,589,653,738,594,847,791,794,835,710,1012,955,935,845,950,1057,978,1134,1163,1134,1391,1363,1387,1285,1601,1708,1691,1808,1774,2123,1968,1981,2003,2247,2310,2342,2474,2525,2229,2708
95,10,19,17,12,18,22,21,25,29,16,21,19,19,15,12,16,32,16,14,22,38,28,31,34,17,37,38,33,32,20,27,33,30,28,36,24,43,41,33,47,44,27,19,37,33,72,40,81,58,57,91,47,71,56,84,45,58,96,99,58,83,104,71,65,60,121,120,114,66,99,138,123,165,148,210,133,184,166,185,173,158,196,256,250,221,284,219,172,267,230,262,315,255,295,310,330,370,391,384,428,367,506,442,491,486,499,552,496,651,599,633,712,673,722,645,736,823,836,876,852,939,937,946,1033,1113,1185,1291,1212,1490,1426,1532,1591,1686,1729,1741,1875,1922,1888,2044,1968,2202
96,6,11,10,7,11,14,14,16,19,9,13,12,11,8,7,10,21,10,8,14,25,17,20,21,9,23,25,21,20,13,17,21,18,17,23,14,26,26,20,30,27,17,11,24,19,48,25,53,38,36,63,29,45,36,54,27,36,63,67,37,52,68,44,40,36,80,80,73,40,63,92,81,111,97,145,84,122,110,121,114,104,132,175,171,150,198,146,111,181,158,175,223,174,205,218,234,265,279,272,308,258,375,322,358,353,364,405,358,483,438,468,532,501,536,463,551,626,627,659,630,702,695,708,772,846,902,984,911,1152,1085,1187,1232,1306,1354,1352,1477,1489,1473,1617,1531,1760
97,3,7,6,4,7,9,8,10,12,5,8,7,7,5,4,6,13,6,5,9,16,10,13,13,5,14,15,13,12,8,10,13,11,10,14,8,16,16,11,18,16,10,7,14,11,31,15,34,24,22,42,17,28,22,33,15,21,40,44,22,32,43,26,24,21,51,52,45,24,39,60,52,73,61,97,51,78,71,77,73,66,86,115,114,98,134,94,70,119,105,113,153,116,138,148,162,184,192,186,215,176,271,228,254,249,257,289,250,347,310,335,385,362,385,321,400,462,456,481,449,507,497,512,557,621,663,723,659,859,796,887,920,974,1024,1010,1121,1108,1105,1231,1143,1354
98,2,4,4,2,4,5,5,6,8,3,5,4,4,2,2,3,8,3,3,5,10,6,8,7,3,9,9,8,7,4,6,8,6,6,9,5,9,10,6,11,9,6,4,9,6,20,9,21,15,13,28,9,17,13,20,8,12,24,28,13,19,27,15,14,12,32,32,27,13,23,38,33,46,37,63,30,49,44,47,45,40,54,73,73,62,88,58,42,76,68,70,101,74,90,97,108,124,129,124,146,116,190,157,175,170,177,199,169,242,213,232,269,253,268,215,282,330,320,339,309,354,342,357,387,441,470,512,459,618,561,639,662,699,745,725,819,790,796,900,818,1001
99,1,2,2,1,2,3,3,3,5,1,3,2,2,1,1,2,5,2,1,3,6,3,5,4,1,5,6,5,4,3,3,5,3,3,5,3,5,6,3,6,5,3,2,5,3,12,5,12,9,7,18,5,10,8,12,4,7,15,18,8,11,16,8,8,7,19,20,15,7,14,23,20,28,22,40,17,29,27,27,27,24,33,45,45,38,56,35,25,46,42,42,65,46,57,62,71,81,83,79,96,74,130,104,117,113,118,133,111,164,141,155,183,171,181,138,192,229,217,231,205,238,227,240,259,302,321,349,308,428,380,442,457,482,522,499,575,539,549,631,560,710
100,0,1,1,1,1,2,2,2,3,1,1,1,1,1,1,1,3,1,1,2,4,2,3,2,1,3,3,3,2,1,2,3,2,2,3,1,3,3,2,4,3,2,1,3,2,7,3,7,6,4,11,3,6,4,6,2,4,8,11,4,6,9,4,4,3,11,12,8,4,8,14,12,17,13,24,9,17,16,16,16,14,19,27,27,23,34,20,14,28,26,25,41,28,35,38,44,52,52,49,61,45,86,68,75,72,76,86,70,107,90,101,120,112,118,86,127,154,143,152,131,154,145,156,166,199,211,229,198,285,247,294,304,319,352,329,387,351,363,424,366,482
101,0,1,1,0,1,1,1,1,2,0,1,1,1,0,0,0,2,1,0,1,2,1,2,1,0,2,2,2,1,1,1,1,1,1,2,1,1,2,1,2,2,1,1,2,1,4,2,4,3,2,7,1,3,2,3,1,2,5,6,2,3,5,2,2,2,6,7,5,2,4,8,7,10,7,15,5,10,9,9,9,8,11,15,16,13,20,11,8,16,15,14,25,16,20,23,27,32,32,30,37,27,55,42,47,45,47,54,43,68,56,63,76,71,74,51,81,100,90,97,80,96,89,97,103,127,134,145,122,182,154,188,193,202,227,208,250,219,230,273,229,313
102,0,0,0,0,0,1,1,1,1,0,0,0,0,0,0,0,1,0,0,1,1,0,1,1,0,1,1,1,0,0,1,1,0,0,1,0,1,1,0,1,1,0,0,1,0,2,1,2,2,1,4,1,2,1,2,1,1,3,4,1,2,3,1,1,1,4,4,2,1,2,4,4,5,4,8,3,5,5,5,5,4,6,9,9,7,12,6,4,9,9,7,14,9,12,13,16,19,19,17,22,15,34,26,29,27,29,33,25,42,33,38,46,44,45,30,50,63,55,59,47,58,52,58,61,77,81,88,73,112,93,116,118,123,141,126,155,131,139,168,137,195
103,0,0,0,0,0,0,0,0,0,0,0,0,0,0,0,0,0,0,0,0,1,0,0,0,0,0,1,0,0,0,0,0,0,0,0,0,0,0,0,1,0,0,0,0,0,1,0,1,1,1,2,0,1,1,1,0,1,1,2,1,1,1,1,1,0,2,2,1,0,1,2,2,3,2,5,1,3,3,2,2,2,3,5,5,4,6,3,2,5,5,4,8,5,6,7,9,11,11,10,13,9,21,15,17,16,17,19,15,25,19,22,27,26,26,16,30,38,33,35,27,33,30,34,35,46,48,51,41,66,53,68,69,72,84,73,92,74,81,99,78,116
104,0,0,0,0,0,0,0,0,0,0,0,0,0,0,0,0,0,0,0,0,0,0,0,0,0,0,0,0,0,0,0,0,0,0,0,0,0,0,0,0,0,0,0,0,0,1,0,1,1,0,1,0,0,0,0,0,0,1,1,0,0,1,0,0,0,1,1,1,0,1,1,1,2,1,3,1,1,1,1,1,1,2,2,3,2,3,2,1,2,3,2,4,3,3,4,5,6,6,5,7,5,12,9,10,9,10,11,8,14,11,13,16,15,15,9,17,23,19,20,15,19,16,19,19,26,27,29,23,38,29,39,39,40,48,41,52,41,45,56,43,66
105,0,0,0,0,0,0,0,0,0,0,0,0,0,0,0,0,0,0,0,0,0,0,0,0,0,0,0,0,0,0,0,0,0,0,0,0,0,0,0,0,0,0,0,0,0,0,0,0,0,0,1,0,0,0,0,0,0,0,1,0,0,0,0,0,0,1,1,0,0,0,1,1,1,0,1,0,1,1,1,1,1,1,1,1,1,2,1,0,1,1,1,2,1,2,2,3,3,3,3,4,2,7,5,5,5,5,6,4,8,6,7,9,8,8,5,10,13,10,11,8,10,9,10,10,14,15,15,12,21,16,21,21,22,27,22,29,21,24,30,22,36
106,0,0,0,0,0,0,0,0,0,0,0,0,0,0,0,0,0,0,0,0,0,0,0,0,0,0,0,0,0,0,0,0,0,0,0,0,0,0,0,0,0,0,0,0,0,0,0,0,0,0,0,0,0,0,0,0,0,0,0,0,0,0,0,0,0,0,0,0,0,0,0,0,0,0,1,0,0,0,0,0,0,0,1,1,0,1,0,0,1,1,0,1,1,1,1,1,2,2,1,2,1,4,3,3,3,3,3,2,4,3,4,5,4,4,2,5,7,5,6,4,5,4,5,5,8,8,8,6,11,8,11,11,11,14,11,15,11,12,16,11,19
107,0,0,0,0,0,0,0,0,0,0,0,0,0,0,0,0,0,0,0,0,0,0,0,0,0,0,0,0,0,0,0,0,0,0,0,0,0,0,0,0,0,0,0,0,0,0,0,0,0,0,0,0,0,0,0,0,0,0,0,0,0,0,0,0,0,0,0,0,0,0,0,0,0,0,0,0,0,0,0,0,0,0,0,0,0,0,0,0,0,0,0,1,0,0,1,1,1,1,1,1,1,2,1,1,1,1,2,1,2,2,2,2,2,2,1,3,4,3,3,2,3,2,3,3,4,4,4,3,6,4,6,6,6,7,6,8,5,6,8,5,9
108,0,0,0,0,0,0,0,0,0,0,0,0,0,0,0,0,0,0,0,0,0,0,0,0,0,0,0,0,0,0,0,0,0,0,0,0,0,0,0,0,0,0,0,0,0,0,0,0,0,0,0,0,0,0,0,0,0,0,0,0,0,0,0,0,0,0,0,0,0,0,0,0,0,0,0,0,0,0,0,0,0,0,0,0,0,0,0,0,0,0,0,0,0,0,0,0,0,0,0,1,0,1,1,1,1,1,1,1,1,1,1,1,1,1,1,1,2,1,2,1,1,1,1,1,2,2,2,1,3,2,3,3,3,4,3,4,2,3,4,3,5
109,0,0,0,0,0,0,0,0,0,0,0,0,0,0,0,0,0,0,0,0,0,0,0,0,0,0,0,0,0,0,0,0,0,0,0,0,0,0,0,0,0,0,0,0,0,0,0,0,0,0,0,0,0,0,0,0,0,0,0,0,0,0,0,0,0,0,0,0,0,0,0,0,0,0,0,0,0,0,0,0,0,0,0,0,0,0,0,0,0,0,0,0,0,0,0,0,0,0,0,0,0,1,0,0,0,0,0,0,1,0,0,1,1,1,0,1,1,1,1,0,1,0,1,1,1,1,1,1,1,1,1,1,1,2,1,2,1,1,2,1,2
110,0,0,0,0,0,0,0,0,0,0,0,0,0,0,0,0,0,0,0,0,0,0,0,0,0,0,0,0,0,0,0,0,0,0,0,0,0,0,0,0,0,0,0,0,0,0,0,0,0,0,0,0,0,0,0,0,0,0,0,0,0,0,0,0,0,0,0,0,0,0,0,0,0,0,0,0,0,0,0,0,0,0,0,0,0,0,0,0,0,0,0,0,0,0,0,0,0,0,0,0,0,1,0,0,0,0,0,0,0,0,0,1,0,0,0,1,1,1,1,0,0,0,0,0,1,1,1,1,1,1,1,1,1,1,1,1,1,1,1,1,2
