"1876","1877","1878","1879","1880","1881","1882","1883","1884","1885","1886","1887","1888","1889","1890","1891","1892","1893","1894","1895","1896","1897","1898","1899","1900","1901","1902","1903","1904","1905","1906","1907","1908","1909","1910","1911","1912","1913","1914","1915","1916","1917","1918","1919","1920","1921","1922","1923","1924","1925","1926","1927","1928","1929","1930","1931","1932","1933","1934","1935","1936","1937","1938","1939","1940","1941","1942","1943","1944","1945","1946","1947","1948","1949","1950","1951","1952","1953","1954","1955","1956","1957","1958","1959","1960","1961","1962","1963","1964","1965","1966","1967","1968","1969","1970","1971","1972","1973","1974","1975","1976","1977","1978","1979","1980","1981","1982","1983","1984","1985","1986","1987","1988","1989","1990","1991","1992","1993","1994","1995","1996","1997","1998","1999","2000","2001","2002","2003","2004","2005","2006","2007","2008","2009","2010","2011","2012","2013","2014","2015","2016"
"60",0.03986,0.03553,0.03062,0.04311,0.03912,0.03885,0.04113,0.04141,0.03453,0.03634,0.04017,0.03998,0.03643,0.03698,0.04064,0.0379,0.0373,0.0343,0.03534,0.0364,0.03155,0.03706,0.03271,0.03513,0.03688,0.04063,0.03933,0.03846,0.03568,0.03552,0.038,0.03615,0.03423,0.03368,0.03534,0.03627,0.0323,0.03437,0.03226,0.02913,0.02988,0.03053,0.03527,0.03079,0.03368,0.02954,0.0289,0.02699,0.03134,0.02874,0.02618,0.02871,0.02623,0.02778,0.02655,0.02621,0.02672,0.02824,0.02871,0.02638,0.02659,0.02351,0.02483,0.02585,0.02493,0.02501,0.02433,0.02247,0.02555,0.02363,0.02215,0.02077,0.02177,0.02016,0.02053,0.01872,0.02114,0.01877,0.02081,0.02065,0.01912,0.02046,0.02013,0.01983,0.01886,0.02025,0.01896,0.01933,0.01946,0.01841,0.01811,0.01829,0.01838,0.01767,0.01696,0.01616,0.01722,0.01748,0.0143,0.01492,0.01484,0.01394,0.01508,0.01397,0.01508,0.01564,0.01323,0.01508,0.01415,0.01328,0.01323,0.01355,0.01216,0.01232,0.01305,0.01154,0.01248,0.00961,0.01041,0.01012,0.00952,0.00965,0.0092,0.00942,0.00956,0.00818,0.00918,0.00855,0.0083,0.00782,0.0076,0.00707,0.00683,0.00678,0.0074,0.00669,0.00709,0.00687,0.00659,0.00665,0.00575
"61",0.04841,0.04056,0.03715,0.03327,0.03975,0.04238,0.04294,0.03949,0.03787,0.0417,0.03691,0.03543,0.03843,0.03919,0.03884,0.04058,0.04092,0.04028,0.0383,0.03933,0.03848,0.03602,0.03526,0.03407,0.03659,0.03934,0.03935,0.03852,0.03308,0.04211,0.03811,0.03597,0.03711,0.03358,0.04139,0.03977,0.03535,0.03695,0.03036,0.03271,0.03175,0.03358,0.0384,0.03439,0.03386,0.03437,0.02997,0.03001,0.03468,0.0343,0.0291,0.03219,0.03156,0.03174,0.03146,0.02768,0.02674,0.02638,0.02735,0.02977,0.02979,0.02684,0.02424,0.02399,0.02711,0.02783,0.0249,0.02632,0.02385,0.02695,0.02232,0.02312,0.02168,0.02206,0.02207,0.02277,0.02059,0.02412,0.02055,0.02291,0.02065,0.02098,0.02033,0.02006,0.02177,0.02085,0.02182,0.02032,0.02197,0.01986,0.01965,0.01978,0.01969,0.0204,0.01825,0.02001,0.0188,0.01772,0.01648,0.01718,0.0163,0.01613,0.01583,0.01613,0.01757,0.01622,0.01476,0.01538,0.01489,0.01538,0.01408,0.01309,0.01431,0.01286,0.01336,0.01369,0.01217,0.01308,0.01116,0.01184,0.01101,0.01052,0.0117,0.01013,0.01004,0.0104,0.01052,0.01009,0.00877,0.00893,0.00871,0.00891,0.00757,0.00818,0.00767,0.00723,0.00715,0.00795,0.00686,0.00726,0.00659
"62",0.04885,0.04153,0.04511,0.04022,0.03051,0.04275,0.04765,0.04375,0.03998,0.04247,0.04308,0.03976,0.04266,0.039,0.04345,0.03924,0.04339,0.04429,0.04172,0.04069,0.04365,0.03987,0.03897,0.0409,0.04123,0.03726,0.03687,0.04329,0.0404,0.04031,0.03872,0.04187,0.04094,0.03938,0.03806,0.0411,0.03792,0.039,0.03652,0.03793,0.0353,0.03585,0.04207,0.03811,0.03851,0.03303,0.03781,0.03227,0.03461,0.03439,0.03697,0.03315,0.03297,0.03624,0.02981,0.03221,0.03171,0.0282,0.02725,0.02965,0.03144,0.02953,0.02861,0.02932,0.02681,0.02782,0.02709,0.02628,0.02813,0.02563,0.02475,0.02525,0.02265,0.0256,0.02398,0.02583,0.02039,0.02234,0.02321,0.02288,0.02462,0.02436,0.02236,0.02313,0.02305,0.02338,0.02492,0.02481,0.02269,0.02192,0.02074,0.0214,0.02106,0.02171,0.02142,0.02076,0.0207,0.02107,0.01939,0.01913,0.01865,0.017,0.01889,0.01767,0.01822,0.01756,0.01752,0.01731,0.01694,0.01603,0.0153,0.01633,0.0151,0.01444,0.01672,0.01314,0.01356,0.01305,0.01272,0.01233,0.0116,0.01115,0.01228,0.01183,0.01069,0.01069,0.00995,0.00983,0.00935,0.00994,0.00961,0.01003,0.00992,0.0076,0.00887,0.00832,0.00867,0.00739,0.00755,0.00875,0.00791
"63",0.04938,0.04986,0.04958,0.05356,0.04381,0.03694,0.05167,0.04666,0.04388,0.04102,0.04402,0.04684,0.04033,0.04377,0.05125,0.04268,0.04428,0.04642,0.04433,0.04487,0.04219,0.04368,0.04316,0.04023,0.04411,0.04047,0.04153,0.04409,0.04614,0.04581,0.04556,0.04581,0.04333,0.04374,0.04287,0.04004,0.04287,0.03951,0.04481,0.04153,0.0375,0.04198,0.0385,0.03469,0.03916,0.03683,0.03939,0.037,0.03947,0.03472,0.03523,0.03631,0.03318,0.03659,0.03584,0.03595,0.03298,0.03216,0.02981,0.03238,0.03097,0.03268,0.03286,0.03586,0.03125,0.03133,0.02915,0.02787,0.03145,0.0285,0.02717,0.02972,0.02717,0.02662,0.02733,0.02636,0.02446,0.02822,0.02515,0.02439,0.02468,0.02667,0.0228,0.02397,0.02533,0.02655,0.02524,0.02591,0.02447,0.02597,0.02375,0.02368,0.02182,0.02363,0.02346,0.02355,0.02169,0.02165,0.02267,0.01965,0.02267,0.02024,0.01968,0.01983,0.01999,0.0201,0.01986,0.01961,0.01875,0.01702,0.01738,0.01651,0.0163,0.01535,0.01615,0.01592,0.01533,0.01502,0.0138,0.01511,0.01334,0.01289,0.01341,0.01406,0.01236,0.01153,0.01187,0.0111,0.01061,0.0105,0.00929,0.01077,0.01009,0.01024,0.00942,0.00888,0.00998,0.00859,0.00885,0.00851,0.00775
"64",0.05805,0.04765,0.0528,0.05273,0.04907,0.04612,0.03849,0.04886,0.05324,0.05186,0.05003,0.04901,0.05045,0.04581,0.04713,0.04389,0.04814,0.04974,0.04553,0.04978,0.04643,0.04748,0.04963,0.04323,0.04896,0.04515,0.04285,0.04841,0.0453,0.05372,0.04842,0.0465,0.04713,0.04819,0.04852,0.04519,0.03856,0.04518,0.04463,0.04471,0.04108,0.04706,0.04484,0.04163,0.04586,0.0414,0.03912,0.03627,0.04431,0.03979,0.03556,0.04197,0.03709,0.04014,0.03791,0.04135,0.04032,0.0349,0.03614,0.03389,0.03421,0.03307,0.0375,0.03526,0.03461,0.03051,0.02945,0.03114,0.03494,0.03125,0.0315,0.02922,0.0295,0.02729,0.02925,0.02846,0.0262,0.02844,0.02662,0.02698,0.02817,0.02643,0.02619,0.02686,0.02941,0.02717,0.02737,0.02866,0.02652,0.02553,0.0283,0.02602,0.0276,0.02757,0.02537,0.02688,0.02347,0.02509,0.02304,0.02143,0.02341,0.02205,0.02157,0.02229,0.02027,0.02255,0.02,0.02205,0.02002,0.02113,0.02069,0.01856,0.02117,0.01881,0.01652,0.01755,0.01709,0.01684,0.01446,0.01571,0.0143,0.0149,0.01564,0.01441,0.0133,0.01249,0.01171,0.0117,0.01159,0.01123,0.01091,0.011,0.01103,0.01071,0.00977,0.0102,0.01032,0.0105,0.00944,0.01062,0.01001
"65",0.05785,0.05182,0.05707,0.05793,0.05721,0.0572,0.05093,0.04384,0.05658,0.05443,0.0554,0.05233,0.04883,0.05603,0.04987,0.05464,0.04997,0.05374,0.05344,0.05409,0.04941,0.0508,0.04711,0.04901,0.05402,0.04677,0.05198,0.04992,0.05079,0.05302,0.04808,0.04832,0.05224,0.04715,0.05063,0.05215,0.04292,0.04237,0.0469,0.04572,0.04408,0.04659,0.05486,0.04825,0.0437,0.03986,0.04513,0.04178,0.04484,0.04887,0.03905,0.04227,0.04348,0.04696,0.04135,0.04532,0.04365,0.03995,0.03649,0.04426,0.0354,0.03443,0.03747,0.03967,0.03794,0.0367,0.03424,0.03258,0.03546,0.03417,0.03117,0.03386,0.03428,0.03101,0.03067,0.031,0.03135,0.03304,0.03237,0.03068,0.03013,0.02872,0.02784,0.02879,0.03032,0.02884,0.03157,0.03294,0.0297,0.03211,0.03038,0.0284,0.02837,0.0294,0.02889,0.02806,0.02753,0.02608,0.02451,0.02583,0.02585,0.02664,0.02458,0.02342,0.02539,0.02485,0.02369,0.02332,0.02055,0.02286,0.02131,0.02121,0.01959,0.02021,0.01931,0.01852,0.01932,0.01872,0.01801,0.01718,0.01672,0.017,0.01516,0.01467,0.01463,0.0148,0.01356,0.01329,0.01344,0.01311,0.01181,0.01241,0.01185,0.01154,0.0114,0.01177,0.01132,0.0108,0.01121,0.00955,0.01066
"66",0.06163,0.05748,0.05581,0.05676,0.05924,0.05714,0.06045,0.05309,0.04052,0.05989,0.06674,0.05553,0.05845,0.05236,0.0647,0.05484,0.05723,0.05814,0.05983,0.05551,0.05551,0.05708,0.05736,0.05215,0.05731,0.05407,0.05256,0.05558,0.05129,0.05484,0.0578,0.05782,0.05196,0.0553,0.05507,0.05478,0.05269,0.05027,0.04897,0.04967,0.05427,0.05873,0.05295,0.05144,0.04719,0.04398,0.04922,0.04699,0.04837,0.04613,0.04554,0.04447,0.04647,0.04974,0.0486,0.04657,0.04648,0.04438,0.04259,0.0447,0.04144,0.03799,0.03931,0.04158,0.0442,0.04106,0.03807,0.03384,0.03715,0.03894,0.03659,0.03581,0.03967,0.03444,0.03373,0.03681,0.03476,0.03498,0.03555,0.03366,0.03257,0.03389,0.03381,0.02899,0.0329,0.03378,0.03287,0.0352,0.0333,0.03316,0.03343,0.0344,0.03306,0.0321,0.02968,0.03149,0.02896,0.02915,0.03007,0.02951,0.02722,0.02874,0.02727,0.02604,0.02667,0.02544,0.02511,0.02652,0.02337,0.0254,0.02452,0.02304,0.02254,0.02248,0.0227,0.02215,0.02086,0.02089,0.01895,0.02001,0.01899,0.01668,0.01638,0.01634,0.01598,0.01697,0.01457,0.01523,0.01452,0.01364,0.01342,0.01367,0.01359,0.01166,0.01246,0.01131,0.01157,0.01178,0.01195,0.01139,0.01116
"67",0.06662,0.06076,0.06131,0.06485,0.05935,0.05879,0.06891,0.06316,0.0583,0.04697,0.06642,0.06557,0.05996,0.06333,0.06579,0.06194,0.0574,0.06124,0.06828,0.05813,0.06173,0.05758,0.05875,0.05268,0.05478,0.05976,0.05728,0.06105,0.05814,0.05739,0.06101,0.0614,0.06011,0.06162,0.06096,0.05873,0.06065,0.05849,0.05265,0.05097,0.0587,0.06389,0.05795,0.05675,0.0529,0.05019,0.04972,0.04467,0.05131,0.04956,0.05183,0.05029,0.05192,0.05223,0.04887,0.04971,0.04994,0.04679,0.04846,0.05022,0.04564,0.04383,0.04386,0.04037,0.04391,0.04197,0.04123,0.04006,0.04226,0.04133,0.03774,0.04043,0.03852,0.03762,0.03825,0.03851,0.03659,0.03862,0.03727,0.03674,0.03595,0.03861,0.03527,0.03734,0.03715,0.03535,0.03649,0.03606,0.03571,0.03662,0.03607,0.03681,0.03553,0.03514,0.03451,0.03403,0.03423,0.03161,0.03417,0.0326,0.03125,0.03076,0.02893,0.02956,0.02774,0.02876,0.02787,0.02847,0.02878,0.02602,0.02814,0.0261,0.02558,0.02419,0.02514,0.02423,0.02358,0.02352,0.02208,0.02058,0.01912,0.02,0.01906,0.01809,0.01828,0.01706,0.01602,0.01712,0.01646,0.01407,0.01412,0.01419,0.01341,0.01339,0.01371,0.01326,0.01315,0.01152,0.01303,0.01291,0.01224
"68",0.07229,0.07166,0.06465,0.07071,0.06977,0.06315,0.06892,0.06945,0.066,0.06358,0.05046,0.06503,0.07577,0.06466,0.06636,0.06751,0.0636,0.06361,0.06683,0.06378,0.06122,0.05761,0.06279,0.06007,0.06502,0.05954,0.06272,0.06277,0.06319,0.06444,0.06243,0.0669,0.06351,0.07026,0.06542,0.06308,0.06073,0.06375,0.0614,0.05699,0.05134,0.06379,0.06818,0.06116,0.05822,0.05688,0.05623,0.04694,0.05379,0.05164,0.04687,0.05482,0.05416,0.05706,0.05535,0.05414,0.05642,0.0498,0.05286,0.05366,0.04673,0.04687,0.04768,0.04585,0.04419,0.046,0.04228,0.04584,0.04973,0.04507,0.0466,0.04532,0.04643,0.04328,0.04051,0.04297,0.04011,0.03825,0.04218,0.03887,0.04068,0.04251,0.03826,0.03722,0.03739,0.03571,0.03999,0.0423,0.03952,0.04042,0.03828,0.03936,0.03851,0.04058,0.03818,0.03666,0.03476,0.03593,0.03647,0.03412,0.03262,0.03243,0.03409,0.03171,0.03231,0.03085,0.02755,0.02854,0.02828,0.02969,0.03022,0.02975,0.02723,0.02591,0.02776,0.02665,0.02397,0.02449,0.02428,0.02297,0.02203,0.0227,0.02035,0.01953,0.0208,0.02007,0.01771,0.01743,0.01572,0.01644,0.01548,0.01588,0.01718,0.01608,0.01599,0.01489,0.01346,0.01404,0.01388,0.01434,0.01281
"69",0.07583,0.07155,0.0757,0.0788,0.07622,0.0674,0.06669,0.07012,0.07518,0.07161,0.06726,0.05542,0.07324,0.07691,0.07663,0.06791,0.06863,0.0716,0.07297,0.06948,0.07006,0.06479,0.06637,0.0653,0.07151,0.06169,0.06605,0.07445,0.06903,0.07062,0.06402,0.06995,0.06574,0.07056,0.07221,0.06557,0.06654,0.06715,0.06896,0.06679,0.06641,0.06437,0.07516,0.06597,0.06765,0.06282,0.06619,0.0583,0.05696,0.05814,0.05725,0.05759,0.05813,0.06333,0.05513,0.05828,0.0574,0.05375,0.05175,0.06093,0.05463,0.05424,0.05491,0.05465,0.05547,0.04371,0.04672,0.04755,0.05178,0.05256,0.04799,0.04869,0.05157,0.04969,0.04247,0.04595,0.04115,0.0443,0.04283,0.04622,0.04511,0.04631,0.04152,0.04166,0.04291,0.04065,0.0434,0.04358,0.04249,0.04408,0.04093,0.04221,0.04227,0.04319,0.04176,0.04184,0.04052,0.03792,0.03603,0.03796,0.03807,0.03683,0.03572,0.03541,0.03319,0.03282,0.03296,0.03217,0.03254,0.03322,0.0322,0.03011,0.03156,0.02904,0.02966,0.02848,0.02902,0.02896,0.02648,0.02807,0.02544,0.02453,0.02324,0.02298,0.02314,0.021,0.02029,0.02002,0.01917,0.01939,0.01673,0.01736,0.01603,0.01566,0.01654,0.01544,0.01591,0.01532,0.01532,0.01506,0.01329
"70",0.08852,0.08178,0.08768,0.08834,0.08307,0.08076,0.08781,0.07493,0.07802,0.08663,0.07491,0.0731,0.06026,0.07547,0.09086,0.07986,0.07201,0.08005,0.08016,0.07069,0.07207,0.08062,0.06936,0.06968,0.07254,0.0766,0.06704,0.0664,0.07493,0.07954,0.0754,0.07393,0.06721,0.07471,0.0733,0.07985,0.076,0.07879,0.07368,0.07235,0.07345,0.07315,0.07209,0.0754,0.07693,0.06944,0.06801,0.0633,0.06327,0.06207,0.06056,0.07174,0.06248,0.06617,0.06134,0.06535,0.06404,0.06129,0.0648,0.06081,0.06156,0.05934,0.06156,0.05885,0.06054,0.05403,0.05251,0.05163,0.06102,0.05399,0.05483,0.05149,0.05573,0.0539,0.05018,0.05214,0.04658,0.05114,0.04825,0.04884,0.04785,0.05185,0.04357,0.04406,0.04583,0.04294,0.04716,0.04921,0.04542,0.04663,0.04747,0.04914,0.04792,0.04477,0.04373,0.04334,0.04012,0.04177,0.04365,0.03984,0.04142,0.04041,0.03864,0.03802,0.03987,0.03802,0.03667,0.036,0.03281,0.03328,0.03344,0.03119,0.03114,0.03039,0.03169,0.03129,0.03246,0.02945,0.02925,0.03074,0.02739,0.02553,0.02514,0.0257,0.02496,0.02383,0.02518,0.01992,0.02125,0.01945,0.0202,0.01916,0.01728,0.01865,0.01741,0.01806,0.01777,0.01708,0.01614,0.01699,0.01512
"71",0.09036,0.09077,0.08152,0.09529,0.08043,0.09133,0.08806,0.0823,0.07664,0.0835,0.08035,0.09673,0.07679,0.06256,0.09347,0.08426,0.08432,0.08143,0.08706,0.08972,0.07709,0.08299,0.07852,0.07291,0.08604,0.08073,0.07871,0.08134,0.0803,0.09216,0.08018,0.07732,0.08048,0.07623,0.07674,0.08857,0.07337,0.08439,0.07817,0.07261,0.07611,0.08738,0.0878,0.07556,0.07753,0.07599,0.07989,0.07521,0.06843,0.07028,0.06508,0.07091,0.07286,0.06945,0.06675,0.06941,0.07229,0.06308,0.06326,0.06775,0.0626,0.06166,0.06171,0.06464,0.068,0.059,0.05528,0.05421,0.06,0.05667,0.06036,0.06003,0.05985,0.0573,0.05489,0.05714,0.0531,0.05259,0.05268,0.04866,0.05345,0.04987,0.04778,0.0508,0.04935,0.05234,0.05077,0.05285,0.04999,0.05347,0.05041,0.05121,0.04795,0.05134,0.05031,0.04757,0.04886,0.04703,0.04912,0.04198,0.04634,0.04135,0.04154,0.04035,0.04116,0.04378,0.03939,0.03872,0.03761,0.03532,0.03628,0.03802,0.0338,0.03265,0.03707,0.03577,0.03234,0.03161,0.03007,0.03186,0.0317,0.02717,0.02839,0.02967,0.02793,0.02644,0.02586,0.0235,0.02169,0.02304,0.02041,0.02131,0.0193,0.01861,0.02059,0.01809,0.01789,0.01755,0.01835,0.0182,0.0173
"72",0.11191,0.08858,0.09227,0.08621,0.09326,0.09566,0.09332,0.08464,0.09565,0.08534,0.09244,0.09544,0.09451,0.08557,0.08761,0.09732,0.10202,0.08897,0.09647,0.09189,0.08745,0.07348,0.08935,0.089,0.08569,0.08669,0.0829,0.09214,0.08718,0.08495,0.0894,0.08196,0.09114,0.08592,0.0855,0.09021,0.09215,0.08634,0.07939,0.07865,0.07995,0.09052,0.09281,0.08391,0.07819,0.08068,0.08828,0.08205,0.08144,0.07189,0.0681,0.07158,0.07277,0.08034,0.07233,0.06389,0.07296,0.07094,0.0645,0.07627,0.07193,0.07065,0.07177,0.07672,0.07118,0.06659,0.06503,0.06549,0.06651,0.06906,0.06394,0.06409,0.06114,0.06415,0.05797,0.06478,0.05868,0.05815,0.05641,0.05729,0.05842,0.05713,0.05725,0.05588,0.05541,0.05748,0.05718,0.05617,0.05397,0.05356,0.05611,0.05148,0.05394,0.0603,0.05509,0.05462,0.05287,0.0491,0.04921,0.04816,0.04654,0.0456,0.04928,0.04477,0.04706,0.04436,0.04539,0.04496,0.04116,0.03988,0.03936,0.03884,0.03943,0.03829,0.03857,0.03742,0.03762,0.03655,0.03675,0.03451,0.0327,0.0302,0.03241,0.03054,0.02842,0.02951,0.02874,0.02645,0.0247,0.02473,0.02371,0.02292,0.02206,0.02151,0.01977,0.01972,0.01936,0.02079,0.01911,0.02036,0.01931
"73",0.11662,0.1021,0.10258,0.11837,0.09863,0.10466,0.10999,0.09841,0.09855,0.10849,0.1012,0.10171,0.10569,0.10591,0.0998,0.07989,0.10084,0.1128,0.09654,0.09675,0.08723,0.09935,0.08536,0.0898,0.10024,0.09539,0.08231,0.09184,0.08616,0.09125,0.08794,0.09044,0.08987,0.09082,0.09058,0.08728,0.08465,0.09013,0.10215,0.08989,0.08348,0.09577,0.10579,0.09452,0.07806,0.08045,0.08658,0.08637,0.09434,0.08794,0.07292,0.0831,0.07885,0.08526,0.0784,0.08769,0.08243,0.07655,0.0726,0.07608,0.07741,0.07895,0.07281,0.08557,0.07837,0.07215,0.07129,0.0685,0.07839,0.07153,0.06621,0.07276,0.06804,0.06891,0.0664,0.06765,0.0671,0.06319,0.05912,0.06159,0.06251,0.06318,0.05907,0.05743,0.05924,0.0592,0.06648,0.06028,0.05662,0.05923,0.06208,0.06237,0.0586,0.06237,0.06025,0.05755,0.0586,0.0542,0.05575,0.05475,0.05168,0.04987,0.05345,0.05148,0.04977,0.04905,0.05064,0.051,0.04655,0.04505,0.04453,0.04305,0.04399,0.04263,0.04005,0.03974,0.04064,0.04206,0.03817,0.03683,0.03649,0.03888,0.03419,0.03435,0.03285,0.03027,0.03111,0.03253,0.02891,0.02671,0.02569,0.02715,0.02478,0.02508,0.02373,0.02291,0.02324,0.02276,0.02149,0.02279,0.02017
"74",0.13223,0.11672,0.1286,0.1241,0.11092,0.113,0.11002,0.11923,0.10172,0.10228,0.12051,0.11428,0.10348,0.11065,0.13117,0.10596,0.08075,0.11509,0.12302,0.10844,0.10879,0.10507,0.09882,0.10195,0.10697,0.10414,0.10192,0.10091,0.10412,0.10667,0.10103,0.101,0.0986,0.10919,0.09777,0.10454,0.09532,0.10201,0.09968,0.10566,0.10351,0.10895,0.10847,0.10171,0.10517,0.09563,0.09357,0.09042,0.10287,0.09933,0.08758,0.09462,0.08435,0.09118,0.08143,0.09098,0.0878,0.08563,0.08492,0.09168,0.08338,0.08613,0.08502,0.08665,0.08883,0.08823,0.07517,0.07729,0.08136,0.08139,0.07934,0.07267,0.07581,0.07591,0.07254,0.07287,0.06904,0.0714,0.0694,0.06526,0.07107,0.07044,0.06576,0.06793,0.06721,0.06646,0.06864,0.07223,0.06799,0.06749,0.06699,0.06555,0.0662,0.06685,0.06511,0.0627,0.05895,0.06363,0.05793,0.05955,0.05967,0.05722,0.05798,0.05627,0.05778,0.05559,0.05168,0.05147,0.05186,0.05381,0.05041,0.04892,0.04639,0.04883,0.04699,0.04721,0.04682,0.04258,0.04179,0.04186,0.0438,0.04112,0.04175,0.03795,0.03488,0.03618,0.03374,0.03336,0.03336,0.03094,0.02979,0.02717,0.02739,0.02814,0.02533,0.02606,0.02383,0.02549,0.0232,0.02467,0.02271
"75",0.12765,0.11898,0.12897,0.13449,0.12184,0.12152,0.11195,0.12004,0.11961,0.11958,0.12461,0.12456,0.12279,0.14241,0.13313,0.12648,0.10196,0.08844,0.11863,0.12298,0.10802,0.11547,0.11111,0.09911,0.11161,0.10495,0.10437,0.10876,0.10011,0.11171,0.1173,0.10052,0.10474,0.11687,0.11548,0.11586,0.10932,0.10461,0.11025,0.10461,0.11202,0.11741,0.11234,0.10367,0.10295,0.10377,0.10238,0.09009,0.09966,0.10299,0.10155,0.10538,0.09523,0.10697,0.08873,0.09856,0.10076,0.08826,0.09166,0.09861,0.09253,0.08865,0.10851,0.09336,0.09813,0.08685,0.09211,0.08636,0.08544,0.08614,0.0868,0.08446,0.08472,0.08171,0.08145,0.0847,0.07833,0.07886,0.07788,0.07306,0.07877,0.0755,0.0696,0.06886,0.07243,0.06836,0.07581,0.07883,0.06603,0.07457,0.0717,0.06952,0.07602,0.0698,0.06716,0.06719,0.06821,0.06641,0.06524,0.06319,0.06506,0.06182,0.05921,0.05924,0.05792,0.05879,0.05667,0.05947,0.05618,0.05531,0.05549,0.05082,0.05283,0.04917,0.05245,0.04897,0.04792,0.0482,0.05099,0.04453,0.04267,0.04525,0.04478,0.04327,0.04186,0.03918,0.03548,0.03842,0.03303,0.03457,0.0345,0.03161,0.03006,0.02987,0.02882,0.03002,0.02736,0.02658,0.02548,0.02734,0.0254
"76",0.132,0.11784,0.12965,0.13876,0.13128,0.12138,0.14034,0.12697,0.13158,0.13726,0.13571,0.12879,0.135,0.13176,0.13748,0.14055,0.12731,0.12466,0.10626,0.1379,0.13443,0.11943,0.11868,0.12007,0.13316,0.11439,0.11954,0.12002,0.12124,0.11998,0.118,0.12132,0.11272,0.10674,0.11399,0.11918,0.11375,0.11858,0.11631,0.10636,0.12035,0.12677,0.12676,0.11698,0.11041,0.1155,0.11922,0.09367,0.09314,0.11216,0.09789,0.12013,0.1123,0.11125,0.10184,0.10069,0.10044,0.09925,0.09804,0.1014,0.10121,0.10438,0.1092,0.10276,0.10309,0.09291,0.10214,0.0931,0.10607,0.09184,0.09422,0.0892,0.0885,0.09319,0.08192,0.09074,0.08278,0.08549,0.08302,0.08923,0.08994,0.08718,0.07973,0.07838,0.07971,0.07549,0.08119,0.09325,0.07065,0.08529,0.07391,0.07702,0.08278,0.07583,0.07924,0.07578,0.07281,0.0718,0.07311,0.06899,0.07234,0.06976,0.07048,0.06842,0.06437,0.06601,0.06021,0.06564,0.05905,0.06262,0.06061,0.05854,0.06012,0.05882,0.05426,0.05667,0.05241,0.05407,0.05014,0.05161,0.0498,0.04762,0.04711,0.04799,0.04479,0.04344,0.04231,0.04133,0.03951,0.0363,0.03713,0.03478,0.03394,0.03493,0.03501,0.03198,0.03234,0.03014,0.03088,0.02995,0.02932
"77",0.14277,0.12566,0.11458,0.14824,0.12793,0.12963,0.13628,0.13858,0.13346,0.14682,0.15044,0.14011,0.14212,0.14611,0.14209,0.15069,0.15245,0.15338,0.13763,0.10349,0.13623,0.13876,0.14211,0.12681,0.12751,0.12496,0.12076,0.12908,0.12801,0.13598,0.12376,0.13333,0.1368,0.13283,0.12687,0.12487,0.14109,0.13533,0.12117,0.12563,0.12561,0.13526,0.12592,0.13511,0.12685,0.10796,0.1281,0.12619,0.12987,0.10417,0.11874,0.11486,0.12752,0.12915,0.108,0.12444,0.10868,0.11234,0.10851,0.1202,0.10768,0.10354,0.11176,0.11555,0.11869,0.10937,0.09761,0.10334,0.12027,0.10414,0.10026,0.10787,0.09649,0.1036,0.09009,0.10048,0.0869,0.08997,0.09376,0.09979,0.09491,0.09442,0.08526,0.08563,0.09547,0.08268,0.09308,0.09273,0.08053,0.09313,0.08269,0.08339,0.08916,0.08932,0.08041,0.08228,0.07897,0.07922,0.07473,0.07507,0.07468,0.06992,0.07539,0.07052,0.0713,0.07407,0.06922,0.06717,0.06839,0.0643,0.06268,0.06322,0.06444,0.06295,0.06597,0.06,0.06022,0.06036,0.05677,0.05808,0.05535,0.05096,0.05767,0.04922,0.05114,0.04782,0.04769,0.04511,0.04207,0.04481,0.03991,0.03787,0.03999,0.04052,0.03837,0.03681,0.03523,0.03513,0.03305,0.03484,0.02974
"78",0.14753,0.14131,0.15503,0.1614,0.14614,0.16939,0.14215,0.15092,0.15141,0.13272,0.15012,0.1565,0.15641,0.14779,0.15993,0.13376,0.13845,0.17423,0.17523,0.1358,0.11278,0.14369,0.16889,0.13997,0.14328,0.14557,0.12892,0.14381,0.13242,0.16309,0.14795,0.14346,0.13393,0.14443,0.14178,0.13643,0.13529,0.14143,0.14242,0.13206,0.12348,0.14059,0.14796,0.14007,0.12485,0.12575,0.14405,0.13068,0.14693,0.12894,0.13321,0.13533,0.13338,0.12953,0.12487,0.131,0.12576,0.11286,0.10602,0.12932,0.12073,0.11717,0.11864,0.12518,0.1304,0.11473,0.11348,0.10787,0.11857,0.11186,0.11257,0.11426,0.10487,0.10974,0.10284,0.10197,0.10357,0.10408,0.09539,0.10541,0.10401,0.1,0.09589,0.0971,0.10133,0.09493,0.09855,0.10492,0.09599,0.09122,0.10004,0.09005,0.09314,0.09581,0.08785,0.09674,0.08366,0.09139,0.08263,0.08553,0.08661,0.08086,0.07996,0.07958,0.07867,0.07905,0.07536,0.07827,0.07076,0.07216,0.07068,0.07183,0.06823,0.0667,0.07199,0.06345,0.06691,0.06836,0.0604,0.06347,0.05942,0.05888,0.05801,0.05808,0.05552,0.05297,0.05178,0.0513,0.04672,0.04562,0.04865,0.04526,0.04147,0.04132,0.04323,0.04064,0.04181,0.03787,0.0346,0.03908,0.03357
"79",0.16591,0.16586,0.15548,0.16404,0.15716,0.15471,0.16143,0.17221,0.15337,0.17541,0.17189,0.16928,0.16239,0.15332,0.15587,0.17231,0.14825,0.17252,0.17571,0.16964,0.15615,0.11324,0.13908,0.16743,0.16097,0.15961,0.15563,0.161,0.14264,0.17444,0.14183,0.15536,0.14673,0.15507,0.14635,0.14947,0.13352,0.15779,0.14581,0.14856,0.15278,0.14846,0.15437,0.16755,0.15322,0.1414,0.14908,0.12397,0.1427,0.14581,0.13296,0.1302,0.13515,0.15458,0.13205,0.14904,0.14837,0.12094,0.12238,0.13833,0.1352,0.13109,0.12318,0.13187,0.14478,0.12239,0.13199,0.12403,0.12631,0.13356,0.1261,0.12582,0.11834,0.12108,0.10861,0.11635,0.11005,0.11356,0.11456,0.11622,0.12123,0.11089,0.10244,0.10263,0.10474,0.10542,0.10236,0.11373,0.10686,0.10608,0.10131,0.09485,0.10884,0.10155,0.09589,0.10024,0.09547,0.09846,0.09723,0.09332,0.09056,0.09021,0.0964,0.08788,0.08931,0.08673,0.09011,0.08198,0.08132,0.08213,0.07925,0.07929,0.07675,0.07556,0.07597,0.07351,0.06851,0.07156,0.0666,0.06871,0.06831,0.06596,0.06525,0.06405,0.06349,0.05854,0.05816,0.05755,0.05102,0.0555,0.05273,0.0517,0.04676,0.04645,0.04683,0.04636,0.04438,0.04202,0.04,0.04306,0.0385
"80",0.1889,0.14828,0.18585,0.18635,0.2007,0.18237,0.18196,0.16839,0.16428,0.1596,0.17797,0.17728,0.18705,0.1549,0.1835,0.17133,0.16952,0.18857,0.18937,0.17929,0.14745,0.1624,0.15091,0.16039,0.17617,0.16625,0.15934,0.16767,0.16097,0.1773,0.16886,0.16732,0.16183,0.16849,0.16752,0.16115,0.14162,0.1625,0.15056,0.15773,0.1595,0.17943,0.15647,0.16866,0.15186,0.1462,0.16635,0.1405,0.15186,0.15181,0.1469,0.14986,0.13862,0.15842,0.13388,0.1448,0.15656,0.12932,0.14358,0.14859,0.13692,0.13777,0.15566,0.15637,0.15778,0.1276,0.13704,0.12852,0.14994,0.13842,0.1354,0.12575,0.12831,0.12342,0.12237,0.12579,0.12078,0.12933,0.11388,0.12747,0.13476,0.11765,0.10728,0.10976,0.11795,0.10738,0.11391,0.12006,0.11077,0.1188,0.10244,0.10408,0.11679,0.10932,0.10956,0.11216,0.10754,0.09898,0.10003,0.10161,0.10165,0.09798,0.10076,0.09671,0.09619,0.09946,0.09621,0.09333,0.09294,0.08862,0.08932,0.0822,0.08565,0.08433,0.08276,0.08252,0.08431,0.08032,0.08023,0.07218,0.07596,0.07398,0.07357,0.07114,0.07204,0.06706,0.06583,0.0657,0.06273,0.05764,0.05772,0.05647,0.05378,0.0543,0.05363,0.05031,0.04977,0.05073,0.04947,0.04853,0.04632
"81",0.17716,0.16905,0.20414,0.18533,0.18969,0.18409,0.17834,0.17897,0.18251,0.18702,0.18663,0.20403,0.17689,0.20031,0.19794,0.17363,0.15717,0.22101,0.19361,0.18511,0.19597,0.17813,0.20371,0.14609,0.16808,0.17371,0.16956,0.16885,0.16161,0.19104,0.1795,0.18453,0.1691,0.17574,0.18205,0.19207,0.16886,0.17744,0.16199,0.16523,0.17505,0.18277,0.17,0.18012,0.16998,0.16758,0.1692,0.1498,0.18399,0.163,0.16492,0.16498,0.15274,0.15086,0.15956,0.1664,0.17227,0.15043,0.14815,0.17767,0.14409,0.15357,0.14826,0.15888,0.16349,0.15777,0.16055,0.14682,0.16699,0.14664,0.13978,0.14873,0.13574,0.13745,0.13562,0.14166,0.13312,0.13773,0.13193,0.13569,0.12879,0.13367,0.12463,0.13237,0.12934,0.11302,0.12907,0.13237,0.11781,0.13458,0.1195,0.12474,0.12013,0.12251,0.11506,0.12018,0.11241,0.1152,0.10879,0.11241,0.11317,0.10633,0.10857,0.10798,0.10322,0.10452,0.10601,0.10572,0.09592,0.09979,0.09637,0.09636,0.09398,0.09316,0.09471,0.1004,0.08802,0.08499,0.08701,0.08408,0.08199,0.08508,0.08003,0.07749,0.08182,0.07315,0.07029,0.07438,0.06946,0.07187,0.06904,0.0654,0.06372,0.06564,0.06116,0.06052,0.05801,0.05926,0.05504,0.05625,0.05236
"82",0.20541,0.18067,0.19642,0.21336,0.21829,0.17443,0.2052,0.1852,0.18079,0.1878,0.20112,0.20891,0.18932,0.1992,0.21064,0.20447,0.17976,0.18051,0.21146,0.20631,0.16868,0.18429,0.1941,0.19942,0.19236,0.18228,0.1859,0.19776,0.1889,0.21871,0.19352,0.18335,0.17294,0.19777,0.19305,0.1987,0.17954,0.16468,0.2019,0.19151,0.16653,0.19126,0.19223,0.18311,0.19623,0.17958,0.20224,0.1559,0.15884,0.17038,0.17347,0.1799,0.17868,0.18491,0.14889,0.18063,0.16418,0.17835,0.15724,0.16441,0.17143,0.14858,0.15735,0.17746,0.17272,0.15715,0.16938,0.15891,0.16866,0.17012,0.15792,0.16659,0.15292,0.16076,0.13859,0.15206,0.14481,0.15944,0.15237,0.14612,0.15426,0.14097,0.13328,0.13528,0.13747,0.13978,0.14291,0.14742,0.13906,0.13729,0.13583,0.12418,0.13753,0.13136,0.13438,0.13172,0.12799,0.12646,0.12378,0.11906,0.11949,0.11555,0.12854,0.11505,0.12548,0.12424,0.10788,0.11768,0.10355,0.10182,0.10834,0.09769,0.10383,0.10543,0.10271,0.10003,0.09956,0.09694,0.0945,0.09608,0.09383,0.08696,0.09211,0.09222,0.08444,0.08644,0.08363,0.07744,0.07691,0.08107,0.07479,0.07087,0.07153,0.07136,0.06991,0.06796,0.06348,0.06213,0.06263,0.06486,0.05845
"83",0.21394,0.19489,0.22089,0.19595,0.17868,0.19554,0.20714,0.20545,0.18326,0.21557,0.19062,0.22805,0.19312,0.21131,0.2259,0.23034,0.20454,0.23608,0.21728,0.21833,0.20357,0.18967,0.20104,0.1897,0.21634,0.15832,0.20071,0.18639,0.18503,0.23282,0.21365,0.20631,0.19566,0.22509,0.20326,0.20958,0.19225,0.18481,0.21041,0.19623,0.19138,0.21926,0.19772,0.20272,0.21864,0.14748,0.21174,0.20058,0.20394,0.20302,0.16953,0.18116,0.18365,0.19407,0.18236,0.18647,0.18241,0.18908,0.18218,0.19774,0.17512,0.18923,0.18343,0.17618,0.194,0.16905,0.16946,0.1807,0.18937,0.17314,0.15999,0.17447,0.15859,0.16582,0.156,0.15826,0.15419,0.15917,0.15846,0.15519,0.15761,0.16745,0.13621,0.1414,0.15024,0.13473,0.15259,0.15626,0.13828,0.1447,0.15538,0.14827,0.15288,0.14438,0.13256,0.13966,0.13423,0.13145,0.1378,0.12399,0.13375,0.12454,0.12316,0.12075,0.13399,0.12626,0.11872,0.13005,0.12057,0.11791,0.11307,0.1144,0.11774,0.11377,0.11343,0.1148,0.10901,0.10728,0.10718,0.10497,0.10175,0.09909,0.10509,0.09897,0.09442,0.09685,0.0944,0.09619,0.08489,0.08713,0.08336,0.08486,0.0828,0.0774,0.07968,0.07265,0.07261,0.07537,0.07022,0.06849,0.06572
"84",0.22112,0.22153,0.21824,0.25032,0.21964,0.21145,0.22244,0.21045,0.22872,0.23042,0.23133,0.22133,0.23575,0.2137,0.25698,0.25411,0.20116,0.23233,0.23588,0.253,0.21016,0.1826,0.19233,0.18601,0.22301,0.20732,0.1883,0.23989,0.20092,0.22127,0.22743,0.23399,0.21367,0.19404,0.22276,0.21816,0.21353,0.2008,0.19742,0.19308,0.20327,0.22557,0.19261,0.22173,0.22443,0.19478,0.20219,0.18813,0.21103,0.21362,0.20421,0.22451,0.20482,0.23372,0.18785,0.20117,0.19612,0.19989,0.18845,0.21768,0.20183,0.18244,0.20759,0.21481,0.197,0.16921,0.20333,0.19091,0.20891,0.18761,0.19247,0.19442,0.17618,0.18037,0.16508,0.18127,0.17515,0.18749,0.17154,0.16912,0.16623,0.15919,0.15922,0.15255,0.1671,0.15705,0.17007,0.17039,0.15037,0.16087,0.1544,0.14394,0.15907,0.16467,0.15676,0.16222,0.14978,0.15381,0.15142,0.14524,0.13973,0.13908,0.13927,0.14165,0.13143,0.132,0.13068,0.13366,0.12792,0.13115,0.12166,0.12292,0.12244,0.11876,0.13171,0.12322,0.12191,0.1151,0.11435,0.1171,0.11317,0.11134,0.1111,0.112,0.10914,0.09915,0.09884,0.10983,0.09513,0.09854,0.09275,0.09074,0.08765,0.09005,0.08573,0.08438,0.08293,0.08867,0.07687,0.08285,0.07925
"85",0.23694,0.24237,0.24688,0.26744,0.249,0.23374,0.23199,0.24332,0.23824,0.22772,0.21779,0.22624,0.22875,0.26015,0.26601,0.25544,0.22315,0.25933,0.25189,0.23972,0.21478,0.26902,0.23853,0.22367,0.22967,0.21495,0.23625,0.20602,0.22329,0.24793,0.21968,0.2186,0.24491,0.23606,0.21321,0.26335,0.19759,0.22457,0.23061,0.22226,0.20996,0.23653,0.24358,0.22453,0.22102,0.21571,0.24534,0.21148,0.21726,0.21137,0.197,0.21207,0.2251,0.21766,0.21116,0.23164,0.23243,0.19624,0.22335,0.22166,0.21686,0.20056,0.25554,0.21803,0.20841,0.18825,0.19837,0.19522,0.23182,0.22676,0.18769,0.21416,0.18915,0.19625,0.17392,0.20703,0.18357,0.19002,0.1868,0.18945,0.18354,0.19599,0.18286,0.17986,0.17142,0.16332,0.18328,0.19184,0.17213,0.1768,0.17145,0.1649,0.16838,0.17236,0.16341,0.16469,0.16205,0.1473,0.14906,0.15699,0.15965,0.14897,0.14578,0.16034,0.15679,0.14834,0.14649,0.14788,0.1344,0.15119,0.13517,0.13701,0.13801,0.13972,0.14664,0.13664,0.11822,0.12953,0.12196,0.12873,0.12213,0.12016,0.12845,0.11419,0.11993,0.11428,0.11299,0.11577,0.10702,0.10885,0.10397,0.10324,0.10717,0.10083,0.09819,0.10125,0.09821,0.09336,0.09002,0.09049,0.08784
"86",0.2756,0.25075,0.2614,0.27246,0.26311,0.24853,0.25083,0.24613,0.23981,0.27036,0.25414,0.26204,0.27574,0.27285,0.28704,0.26885,0.27226,0.27106,0.28493,0.25769,0.23502,0.26484,0.25395,0.24318,0.2679,0.22344,0.25801,0.25967,0.24688,0.28159,0.28546,0.22751,0.25414,0.24808,0.21846,0.24131,0.22616,0.23919,0.27836,0.23942,0.23229,0.23497,0.27031,0.24063,0.26865,0.22345,0.22922,0.22034,0.24388,0.23885,0.23184,0.24877,0.23117,0.23259,0.20345,0.25328,0.23109,0.20645,0.22432,0.26312,0.20645,0.20856,0.239,0.21786,0.24742,0.23595,0.22185,0.2134,0.24747,0.2226,0.22811,0.20785,0.19692,0.21943,0.19761,0.20801,0.18832,0.21169,0.19743,0.21118,0.23596,0.21132,0.18584,0.19076,0.19411,0.19019,0.21135,0.21411,0.19391,0.19415,0.19149,0.17503,0.19819,0.17911,0.19338,0.18269,0.16477,0.17025,0.181,0.16827,0.16422,0.15676,0.16528,0.15468,0.16146,0.16335,0.16219,0.16262,0.15656,0.15678,0.14528,0.13591,0.14676,0.14923,0.1632,0.14019,0.14502,0.143,0.13994,0.13196,0.13318,0.14055,0.14262,0.13004,0.1295,0.12588,0.12779,0.13093,0.11727,0.12065,0.11563,0.11896,0.11704,0.11808,0.11463,0.10845,0.11067,0.10853,0.10813,0.10111,0.10368
"87",0.29452,0.26935,0.27582,0.28953,0.27749,0.26368,0.26458,0.26121,0.25368,0.2862,0.26974,0.27665,0.27942,0.29289,0.29426,0.28304,0.25305,0.2861,0.29218,0.27225,0.24919,0.27056,0.25874,0.25949,0.29389,0.25677,0.2546,0.25726,0.26503,0.2793,0.29388,0.26369,0.26442,0.27164,0.25892,0.30057,0.24906,0.26717,0.25763,0.2561,0.26962,0.30376,0.27123,0.27169,0.24711,0.2376,0.26353,0.22806,0.26994,0.27636,0.24431,0.25846,0.22022,0.23019,0.24084,0.26309,0.28101,0.21781,0.27942,0.28177,0.25119,0.24282,0.26069,0.26699,0.27949,0.24422,0.2171,0.25066,0.27901,0.25689,0.19788,0.24824,0.21566,0.19622,0.2305,0.24348,0.22526,0.22582,0.22954,0.23251,0.24171,0.21765,0.20522,0.20751,0.21846,0.19484,0.22512,0.22416,0.20353,0.20258,0.2246,0.18006,0.20991,0.18958,0.18874,0.2101,0.17646,0.18851,0.18884,0.18718,0.18977,0.17202,0.18429,0.18223,0.18458,0.17846,0.16954,0.17715,0.17263,0.16635,0.16023,0.1667,0.16145,0.16503,0.17172,0.15698,0.15722,0.14881,0.1583,0.14903,0.15231,0.14855,0.14818,0.15264,0.14229,0.14373,0.13853,0.14824,0.13173,0.13399,0.13719,0.13426,0.12256,0.12256,0.12222,0.12343,0.1192,0.12362,0.1197,0.12128,0.11244
"88",0.3137,0.28837,0.29046,0.30683,0.29208,0.27913,0.27857,0.2766,0.26785,0.3062,0.28562,0.29149,0.29682,0.3135,0.31128,0.30054,0.26805,0.30133,0.30935,0.28706,0.26369,0.28887,0.27345,0.2772,0.31493,0.273,0.27012,0.27209,0.28361,0.29464,0.28608,0.27903,0.28868,0.29,0.2784,0.29886,0.27705,0.2723,0.29071,0.27251,0.27937,0.29641,0.29177,0.28047,0.29514,0.25255,0.32592,0.25401,0.262,0.27145,0.24287,0.31286,0.26363,0.26222,0.25844,0.30514,0.27412,0.25426,0.24422,0.26728,0.26441,0.25169,0.24997,0.29734,0.27892,0.24558,0.25397,0.25358,0.28324,0.26874,0.27183,0.25506,0.23366,0.25671,0.23917,0.25361,0.2413,0.27489,0.24055,0.24421,0.27984,0.24794,0.24376,0.21394,0.23342,0.19724,0.22112,0.24397,0.20948,0.21985,0.23713,0.20366,0.21762,0.2132,0.20871,0.20458,0.20129,0.21852,0.1829,0.18619,0.20728,0.19187,0.1894,0.1802,0.19142,0.20501,0.18661,0.19847,0.18595,0.18863,0.1843,0.17162,0.17384,0.17836,0.18415,0.17299,0.18091,0.17901,0.169,0.17275,0.16458,0.17005,0.16898,0.16541,0.16009,0.14895,0.15081,0.15493,0.14231,0.15321,0.15089,0.14913,0.1451,0.14036,0.1497,0.13595,0.13463,0.13521,0.12905,0.13905,0.12635
"89",0.33301,0.3077,0.30527,0.32428,0.30683,0.29483,0.29276,0.29225,0.28227,0.3264,0.30174,0.3065,0.31441,0.33426,0.32842,0.31823,0.28333,0.3167,0.32665,0.30205,0.27848,0.30745,0.28841,0.29524,0.33611,0.28953,0.28592,0.28716,0.3025,0.31015,0.30245,0.2946,0.30764,0.30737,0.29422,0.31715,0.29587,0.28894,0.31018,0.28922,0.29754,0.31383,0.31127,0.29675,0.31476,0.26785,0.29931,0.27047,0.27665,0.28872,0.25607,0.30483,0.2793,0.28738,0.27666,0.31314,0.2951,0.27114,0.25896,0.29125,0.28339,0.26863,0.2944,0.29781,0.30337,0.26221,0.26485,0.2763,0.30095,0.27812,0.25909,0.26423,0.26477,0.26352,0.22657,0.28723,0.25752,0.24605,0.28325,0.26852,0.26925,0.2261,0.24932,0.28532,0.25701,0.22302,0.25003,0.2819,0.26596,0.24941,0.25177,0.2192,0.22907,0.24823,0.21967,0.20274,0.20986,0.21726,0.23688,0.21293,0.2278,0.2127,0.19854,0.19898,0.20742,0.23021,0.20897,0.21032,0.20794,0.20483,0.18081,0.1809,0.19437,0.19493,0.20628,0.19863,0.17573,0.18079,0.17962,0.18628,0.19145,0.18446,0.18362,0.18162,0.17034,0.17476,0.16419,0.17713,0.16646,0.16832,0.16525,0.16729,0.1619,0.16518,0.15285,0.15471,0.16119,0.1458,0.14816,0.15781,0.14381
"90",0.35233,0.3272,0.32019,0.34178,0.32169,0.3107,0.30711,0.30809,0.29689,0.34665,0.318,0.32161,0.33212,0.35501,0.34558,0.336,0.29882,0.33214,0.34398,0.31718,0.29349,0.32619,0.30356,0.3135,0.35727,0.30629,0.30195,0.30243,0.32161,0.32577,0.31897,0.31035,0.32676,0.32488,0.31023,0.33553,0.31494,0.30581,0.32981,0.30616,0.31592,0.33136,0.33092,0.3132,0.33452,0.28345,0.316,0.28725,0.29153,0.30624,0.26953,0.32467,0.29671,0.30422,0.29522,0.33454,0.31358,0.28836,0.274,0.30861,0.30271,0.28592,0.31369,0.31695,0.32306,0.27921,0.28077,0.29546,0.32033,0.29637,0.27585,0.28108,0.26902,0.28189,0.25749,0.28975,0.31107,0.2672,0.24932,0.29094,0.26327,0.26772,0.24523,0.25146,0.26561,0.26008,0.25166,0.27206,0.25291,0.27139,0.24681,0.25498,0.27173,0.25001,0.23468,0.24544,0.25795,0.26355,0.23633,0.21179,0.2402,0.2163,0.2237,0.22567,0.21344,0.22108,0.21993,0.22544,0.2245,0.22194,0.24678,0.21517,0.22111,0.22728,0.23045,0.20224,0.20413,0.19725,0.20993,0.2183,0.20184,0.20902,0.20218,0.20008,0.19177,0.19378,0.18654,0.19049,0.18886,0.18562,0.17865,0.17552,0.18396,0.1861,0.17067,0.1749,0.16885,0.18079,0.16164,0.1798,0.16757
"91",0.37151,0.34674,0.33517,0.35923,0.3366,0.32668,0.32155,0.32404,0.31165,0.3668,0.33433,0.33678,0.34983,0.37559,0.36267,0.35376,0.31447,0.34758,0.36126,0.33237,0.30867,0.34498,0.31883,0.33189,0.37825,0.32318,0.31812,0.31784,0.34078,0.34141,0.33556,0.3262,0.34592,0.34244,0.32634,0.3539,0.33413,0.32283,0.34947,0.32325,0.33441,0.3489,0.35059,0.32975,0.35426,0.29927,0.33278,0.30428,0.30658,0.32391,0.28321,0.34457,0.31433,0.3212,0.31403,0.35592,0.33218,0.30583,0.2893,0.32612,0.32223,0.30348,0.33312,0.33619,0.34282,0.29651,0.29694,0.31489,0.3398,0.31485,0.29291,0.29821,0.28624,0.30058,0.27402,0.31575,0.29148,0.29434,0.29859,0.2952,0.29988,0.29754,0.27938,0.27494,0.29566,0.3035,0.27499,0.30675,0.28246,0.2794,0.24944,0.27937,0.2655,0.25672,0.27,0.24156,0.23316,0.21836,0.25318,0.28709,0.26862,0.22498,0.24734,0.2715,0.24374,0.24999,0.23753,0.24865,0.2125,0.20914,0.24013,0.22922,0.22979,0.212,0.24241,0.23165,0.2114,0.23455,0.20928,0.24862,0.23447,0.22178,0.21575,0.22336,0.23069,0.21917,0.21604,0.22195,0.20858,0.20322,0.19894,0.21087,0.2058,0.20447,0.19602,0.18412,0.19466,0.18572,0.18924,0.19414,0.18486
"92",0.39044,0.36619,0.35013,0.37655,0.35149,0.34269,0.33604,0.34003,0.3265,0.38671,0.35066,0.35193,0.36745,0.39585,0.37961,0.3714,0.33021,0.36297,0.37838,0.34756,0.32395,0.3637,0.33416,0.35029,0.39886,0.34013,0.33436,0.33331,0.35991,0.35702,0.35213,0.34208,0.365,0.35994,0.34248,0.37214,0.35331,0.3399,0.36901,0.34039,0.35289,0.36636,0.37014,0.34632,0.37386,0.31525,0.34956,0.32146,0.32174,0.34164,0.29706,0.36439,0.33205,0.33826,0.33297,0.37712,0.35078,0.32345,0.30479,0.34366,0.34184,0.3212,0.35255,0.35541,0.36251,0.31402,0.31328,0.33444,0.35923,0.33345,0.31019,0.31553,0.30371,0.31948,0.29087,0.33631,0.31042,0.31216,0.31846,0.314,0.31877,0.30525,0.29581,0.29328,0.30068,0.2829,0.30869,0.32039,0.29633,0.32983,0.30729,0.28885,0.31492,0.26929,0.28897,0.26556,0.28661,0.26669,0.28009,0.25676,0.30025,0.23964,0.26768,0.23356,0.26374,0.25025,0.23208,0.25444,0.24273,0.25516,0.26341,0.24767,0.25311,0.27339,0.26539,0.26211,0.24501,0.24436,0.24306,0.23423,0.24302,0.25442,0.22176,0.24826,0.22995,0.23648,0.2359,0.22926,0.21061,0.24334,0.21754,0.2187,0.21601,0.20667,0.21603,0.20866,0.22407,0.22594,0.21279,0.2221,0.20294
"93",0.409,0.38542,0.36503,0.39362,0.36631,0.35865,0.35052,0.356,0.34137,0.40623,0.36691,0.36701,0.38488,0.41564,0.39632,0.38883,0.34595,0.37823,0.39527,0.36269,0.33927,0.38223,0.34949,0.36858,0.41897,0.35704,0.3506,0.34878,0.37887,0.37253,0.36862,0.35792,0.38388,0.3773,0.35858,0.39015,0.37237,0.35693,0.38831,0.35749,0.37125,0.38363,0.38944,0.36283,0.39318,0.33131,0.36625,0.3387,0.33695,0.35932,0.31104,0.384,0.34978,0.35528,0.35191,0.39797,0.36928,0.34113,0.3204,0.36114,0.36138,0.339,0.37185,0.37449,0.382,0.33163,0.32972,0.35398,0.37848,0.35205,0.3276,0.33295,0.32135,0.33847,0.30794,0.35685,0.32951,0.3301,0.33844,0.33292,0.33775,0.32377,0.31511,0.31188,0.31945,0.30129,0.32812,0.34236,0.31583,0.3112,0.32479,0.29419,0.31253,0.30459,0.32687,0.30668,0.30365,0.2836,0.30582,0.28501,0.30838,0.277,0.31306,0.29435,0.25743,0.27223,0.26304,0.27437,0.25392,0.293,0.30109,0.25067,0.26348,0.2381,0.27592,0.25514,0.24252,0.27615,0.27069,0.27359,0.27322,0.26052,0.2833,0.25897,0.27017,0.24588,0.23166,0.25478,0.23781,0.24517,0.224,0.22825,0.23761,0.22052,0.24804,0.23146,0.23654,0.2365,0.23861,0.24787,0.22418
"94",0.42708,0.4043,0.37981,0.41038,0.381,0.3745,0.36493,0.37185,0.35622,0.42524,0.383,0.38195,0.40202,0.43484,0.4127,0.40595,0.36164,0.39329,0.41184,0.37771,0.35456,0.40045,0.36476,0.38666,0.43843,0.37383,0.36676,0.36418,0.39753,0.38786,0.38493,0.37365,0.40243,0.39442,0.37457,0.40783,0.39116,0.37384,0.40724,0.37447,0.38938,0.40063,0.40836,0.37919,0.4121,0.34738,0.38279,0.35591,0.35214,0.37685,0.32511,0.40325,0.36741,0.37219,0.37072,0.4183,0.38756,0.35876,0.33608,0.37848,0.38074,0.35676,0.39089,0.3933,0.40115,0.34925,0.34617,0.37339,0.39743,0.37053,0.34504,0.35037,0.33906,0.35743,0.32514,0.37721,0.34862,0.34806,0.35839,0.35185,0.3567,0.34235,0.33454,0.33062,0.3383,0.31988,0.34758,0.36244,0.33545,0.32928,0.34516,0.31226,0.3312,0.32307,0.31679,0.30837,0.30327,0.30797,0.31144,0.30091,0.33294,0.28121,0.29291,0.292,0.3227,0.27024,0.32057,0.33727,0.26881,0.30283,0.25508,0.29801,0.29846,0.28156,0.29875,0.27654,0.2687,0.25766,0.27615,0.29636,0.26661,0.31333,0.30221,0.28899,0.25141,0.28218,0.27814,0.29555,0.25531,0.26763,0.2809,0.25901,0.24988,0.24176,0.2677,0.25186,0.25888,0.26926,0.2518,0.24373,0.24659
"95",0.44458,0.42272,0.3944,0.42673,0.3955,0.39016,0.37923,0.38754,0.37097,0.44363,0.39886,0.39669,0.4188,0.45331,0.42868,0.42268,0.37721,0.40811,0.428,0.39254,0.36977,0.41826,0.37989,0.40442,0.45712,0.39041,0.38276,0.37946,0.41578,0.40296,0.40099,0.38921,0.42054,0.41122,0.39036,0.42507,0.40959,0.39055,0.42568,0.39123,0.40717,0.41728,0.42678,0.39533,0.43049,0.36339,0.39907,0.37301,0.36725,0.39414,0.3392,0.42202,0.38486,0.38891,0.3893,0.43798,0.40551,0.37626,0.35174,0.39556,0.39977,0.37439,0.40955,0.41172,0.41985,0.36678,0.36257,0.39252,0.41596,0.38878,0.36241,0.3677,0.35674,0.37623,0.34238,0.39725,0.36764,0.36594,0.37815,0.37065,0.37551,0.36087,0.35395,0.34937,0.35713,0.33855,0.36695,0.38231,0.35506,0.34739,0.36543,0.33045,0.34988,0.3416,0.33523,0.32568,0.32107,0.32646,0.33037,0.31918,0.33506,0.29816,0.31055,0.31,0.31379,0.31113,0.30773,0.31901,0.30141,0.31158,0.30522,0.29881,0.29989,0.30248,0.32507,0.29589,0.28621,0.29685,0.29479,0.30859,0.30098,0.30748,0.30073,0.30265,0.29086,0.29098,0.29123,0.30084,0.28255,0.29359,0.28193,0.28259,0.28344,0.27524,0.28328,0.27332,0.28665,0.28111,0.27241,0.28459,0.26616
"96",0.46142,0.44056,0.40875,0.44261,0.40977,0.40557,0.39335,0.40298,0.38557,0.46129,0.41441,0.41117,0.43512,0.47098,0.4442,0.43894,0.39258,0.42263,0.44369,0.40713,0.38482,0.43557,0.39482,0.42178,0.47496,0.40671,0.39853,0.39453,0.43352,0.41777,0.41673,0.40451,0.43811,0.4276,0.40589,0.4418,0.42754,0.40696,0.44353,0.40769,0.42454,0.43349,0.4446,0.41117,0.44825,0.37926,0.41504,0.38989,0.38223,0.4111,0.35327,0.44021,0.40202,0.40533,0.40753,0.45688,0.42303,0.39351,0.36732,0.41232,0.41836,0.39179,0.42772,0.42965,0.43798,0.38412,0.37882,0.41125,0.43396,0.40669,0.37963,0.38484,0.37429,0.39476,0.35958,0.41681,0.38643,0.38363,0.3976,0.38922,0.39404,0.37922,0.37323,0.36802,0.3758,0.3572,0.3861,0.40183,0.37452,0.36542,0.38547,0.34865,0.36845,0.36009,0.35366,0.34304,0.33894,0.345,0.34933,0.33754,0.35443,0.31531,0.32832,0.32813,0.33205,0.32914,0.32621,0.33801,0.31996,0.33099,0.32449,0.31808,0.31889,0.32179,0.34598,0.31468,0.3047,0.31674,0.31461,0.33,0.32192,0.32925,0.32167,0.32435,0.31166,0.31246,0.31313,0.32327,0.30446,0.31637,0.30416,0.30516,0.30647,0.29748,0.30678,0.29627,0.3114,0.30511,0.29624,0.30948,0.28993
"97",0.47752,0.45774,0.42281,0.45796,0.42374,0.42066,0.40726,0.41812,0.39997,0.47815,0.42959,0.42536,0.45092,0.48777,0.4592,0.45466,0.4077,0.43679,0.45885,0.42144,0.39967,0.45229,0.40951,0.43863,0.49185,0.42264,0.414,0.40936,0.45065,0.43223,0.43209,0.41951,0.45507,0.44351,0.4211,0.45794,0.44491,0.423,0.46069,0.42379,0.44138,0.44919,0.46174,0.42665,0.46531,0.39492,0.43061,0.40648,0.39701,0.42764,0.36727,0.45771,0.41881,0.4214,0.4253,0.47491,0.44003,0.41044,0.38275,0.42866,0.43641,0.40886,0.4453,0.44699,0.45545,0.40119,0.39486,0.42948,0.45134,0.42417,0.3966,0.40171,0.3916,0.4129,0.37664,0.43579,0.40488,0.40103,0.41661,0.40744,0.4122,0.39729,0.39224,0.38645,0.39421,0.37569,0.40489,0.42087,0.39369,0.38325,0.40513,0.36677,0.38681,0.37841,0.37197,0.36035,0.35678,0.36346,0.36818,0.35587,0.37366,0.33254,0.34612,0.3463,0.35032,0.34718,0.34473,0.35699,0.3386,0.35041,0.34381,0.33744,0.33797,0.34119,0.36679,0.33359,0.32337,0.33675,0.33456,0.35144,0.34294,0.35107,0.34271,0.34613,0.33264,0.33413,0.3352,0.34578,0.32663,0.33931,0.32666,0.32799,0.32975,0.32005,0.33056,0.31959,0.33639,0.32941,0.32045,0.33464,0.31415
"98",0.49283,0.47419,0.43654,0.47271,0.43738,0.43537,0.4209,0.43289,0.41412,0.49414,0.44436,0.43919,0.46614,0.50361,0.47362,0.46978,0.4225,0.45055,0.47344,0.4354,0.41424,0.46835,0.42389,0.4549,0.50776,0.43815,0.42912,0.42387,0.46711,0.4463,0.447,0.43414,0.47132,0.45887,0.43593,0.47343,0.46163,0.43861,0.4771,0.43943,0.45763,0.46433,0.47811,0.44171,0.48158,0.4103,0.44574,0.4227,0.41153,0.4437,0.38115,0.47445,0.43515,0.43705,0.44253,0.49197,0.45643,0.42696,0.39796,0.44452,0.45381,0.42553,0.46221,0.46366,0.47218,0.4179,0.4106,0.4471,0.46802,0.44113,0.41323,0.41821,0.4086,0.43056,0.39347,0.45405,0.42289,0.41806,0.43505,0.4252,0.42987,0.41498,0.41086,0.40456,0.41223,0.39392,0.42322,0.43931,0.41246,0.4008,0.42428,0.38469,0.40484,0.39646,0.39004,0.37751,0.37448,0.38174,0.38681,0.37406,0.39263,0.34979,0.36385,0.36439,0.36849,0.36514,0.36318,0.37581,0.3572,0.36972,0.36307,0.35679,0.35703,0.36053,0.38734,0.35249,0.34211,0.35673,0.3545,0.37272,0.36389,0.37273,0.36367,0.36781,0.35362,0.35578,0.35726,0.36819,0.34885,0.36219,0.34921,0.35087,0.35307,0.34274,0.35436,0.34304,0.36135,0.35375,0.3448,0.35978,0.33858
"99",0.50732,0.48985,0.44989,0.48683,0.45065,0.44966,0.43423,0.44724,0.42796,0.50922,0.45865,0.45263,0.48073,0.51847,0.48744,0.48425,0.43693,0.46386,0.48739,0.44898,0.42849,0.4837,0.43791,0.47053,0.52264,0.45317,0.44381,0.43802,0.48282,0.45992,0.46141,0.44836,0.48682,0.47363,0.45032,0.48822,0.47762,0.45373,0.4927,0.45458,0.47323,0.47886,0.49367,0.45629,0.49702,0.42534,0.46036,0.43848,0.42574,0.4592,0.39486,0.49037,0.45096,0.4522,0.45912,0.50803,0.47217,0.44299,0.41291,0.45983,0.47048,0.44171,0.47837,0.47959,0.48811,0.43416,0.42599,0.46404,0.48392,0.45749,0.42946,0.43429,0.4252,0.44764,0.40999,0.47152,0.44034,0.43463,0.45283,0.44242,0.44697,0.4322,0.42898,0.42224,0.42979,0.41179,0.44098,0.45706,0.43072,0.41797,0.44281,0.40231,0.42245,0.41413,0.40778,0.39444,0.39195,0.39972,0.4051,0.39202,0.4112,0.36694,0.38141,0.38229,0.38645,0.38292,0.38144,0.39436,0.37566,0.38878,0.38212,0.37597,0.37593,0.37969,0.40748,0.37127,0.36079,0.37654,0.3743,0.39369,0.3846,0.39406,0.38439,0.38919,0.37444,0.37725,0.37912,0.39027,0.37094,0.3848,0.37163,0.37359,0.3762,0.36534,0.37795,0.36639,0.38599,0.37788,0.36903,0.38462,0.36296
"100",0.52096,0.50466,0.46283,0.50029,0.4635,0.46348,0.44722,0.46113,0.44146,0.52337,0.47242,0.46563,0.49465,0.53235,0.50061,0.49805,0.45094,0.4767,0.50069,0.46213,0.44237,0.49828,0.45154,0.48547,0.53649,0.46765,0.45804,0.45176,0.49775,0.47307,0.47528,0.46212,0.50152,0.48776,0.46423,0.50227,0.49283,0.46829,0.50744,0.46917,0.48811,0.49273,0.50836,0.47034,0.51158,0.43999,0.47443,0.45375,0.4396,0.47409,0.40836,0.50542,0.46619,0.46681,0.47502,0.52304,0.4872,0.45847,0.42752,0.47454,0.48637,0.45735,0.49373,0.49474,0.50318,0.44992,0.44097,0.48021,0.49901,0.47318,0.4452,0.44986,0.44132,0.46407,0.42612,0.48812,0.45717,0.45066,0.46987,0.45901,0.46341,0.44885,0.44651,0.43939,0.44678,0.42919,0.45808,0.47404,0.44835,0.43467,0.4606,0.41953,0.43953,0.43134,0.42508,0.41104,0.4091,0.41732,0.42294,0.40962,0.42928,0.38392,0.39869,0.39992,0.4041,0.40041,0.39942,0.41253,0.39386,0.40748,0.40086,0.39487,0.39456,0.39855,0.42707,0.38981,0.3793,0.39605,0.3938,0.41417,0.40491,0.41488,0.40472,0.41011,0.39493,0.39835,0.40057,0.41186,0.3927,0.40693,0.39369,0.39593,0.39891,0.38766,0.4011,0.38942,0.41006,0.40154,0.39288,0.40889,0.38702
"101",0.53374,0.51861,0.47532,0.51305,0.47591,0.47679,0.45983,0.47452,0.45457,0.53657,0.48564,0.47818,0.50787,0.54522,0.51312,0.51113,0.4645,0.48904,0.51332,0.47483,0.45584,0.51208,0.46473,0.49967,0.5493,0.48156,0.47176,0.46506,0.51185,0.48571,0.48857,0.47538,0.51539,0.50121,0.47763,0.51555,0.50723,0.48226,0.5213,0.48316,0.50224,0.50593,0.52218,0.48383,0.52525,0.4542,0.48792,0.46846,0.45307,0.48832,0.42161,0.51957,0.48079,0.48083,0.49017,0.53699,0.50147,0.47335,0.44174,0.48861,0.50142,0.47237,0.50825,0.50907,0.51736,0.4651,0.45547,0.49556,0.51325,0.48815,0.4604,0.46488,0.45689,0.47978,0.4418,0.50379,0.47329,0.4661,0.48609,0.4749,0.47915,0.46488,0.46336,0.45594,0.46312,0.44604,0.47445,0.49017,0.46529,0.45083,0.47759,0.43628,0.45601,0.44799,0.44187,0.42725,0.42583,0.43442,0.44026,0.42679,0.44677,0.40063,0.41562,0.41716,0.42135,0.41753,0.417,0.43021,0.41169,0.4257,0.41916,0.41337,0.4128,0.41697,0.44597,0.408,0.39752,0.41512,0.41288,0.43402,0.42468,0.43505,0.4245,0.43041,0.41496,0.41892,0.42147,0.43277,0.41395,0.42841,0.41522,0.4177,0.42101,0.40948,0.42358,0.41192,0.43331,0.4245,0.41612,0.43235,0.41052
"102",0.54565,0.53168,0.48735,0.52511,0.48786,0.48956,0.47202,0.48738,0.46727,0.54882,0.49828,0.49024,0.52037,0.55712,0.52495,0.52349,0.47756,0.50086,0.52526,0.48705,0.46887,0.52506,0.47744,0.51311,0.5611,0.49484,0.48493,0.47788,0.52511,0.49782,0.50126,0.48811,0.52842,0.51396,0.49047,0.52806,0.52079,0.49561,0.53426,0.49652,0.51561,0.51842,0.5351,0.49673,0.53802,0.46791,0.50079,0.48256,0.46609,0.50187,0.43456,0.5328,0.49472,0.49423,0.50453,0.54989,0.51496,0.48758,0.45554,0.50201,0.51561,0.48674,0.52191,0.52254,0.53065,0.47965,0.46946,0.51007,0.52661,0.50237,0.475,0.47929,0.47186,0.49472,0.45695,0.5185,0.48866,0.48088,0.50144,0.49005,0.49412,0.48021,0.47946,0.47182,0.47877,0.46226,0.49003,0.50541,0.48145,0.46638,0.4937,0.45247,0.47183,0.46401,0.45806,0.44299,0.44207,0.45096,0.45695,0.44344,0.46357,0.417,0.43211,0.43394,0.4381,0.43418,0.4341,0.44732,0.42906,0.44334,0.43692,0.43136,0.43055,0.43487,0.4641,0.42574,0.41535,0.43364,0.43143,0.45312,0.44377,0.45443,0.44362,0.44995,0.43438,0.43882,0.44164,0.45286,0.43452,0.44905,0.43605,0.43874,0.44231,0.43063,0.44521,0.43368,0.45554,0.44656,0.43853,0.45478,0.43323
"103",0.55672,0.54387,0.49888,0.53647,0.49932,0.50177,0.48379,0.49968,0.47952,0.56016,0.51032,0.50179,0.53216,0.56806,0.53611,0.53512,0.4901,0.51214,0.5365,0.49877,0.48142,0.53723,0.48967,0.52578,0.57192,0.50749,0.49754,0.49019,0.53752,0.50938,0.51334,0.50029,0.5406,0.52601,0.50274,0.53979,0.5335,0.50831,0.54634,0.50922,0.52818,0.53021,0.54713,0.50901,0.54989,0.4811,0.51302,0.49603,0.47866,0.51471,0.44718,0.54513,0.50795,0.50699,0.51808,0.56176,0.52766,0.50113,0.46887,0.51471,0.52891,0.50042,0.5347,0.53517,0.54304,0.49355,0.48289,0.52369,0.53911,0.5158,0.48897,0.49305,0.48619,0.50886,0.47154,0.53224,0.50323,0.49498,0.51589,0.50441,0.50829,0.49481,0.49475,0.48698,0.49366,0.47779,0.50478,0.51972,0.49679,0.48127,0.50889,0.46804,0.48693,0.47935,0.47359,0.4582,0.45776,0.46687,0.47295,0.45949,0.47963,0.43295,0.44809,0.45017,0.45428,0.4503,0.45064,0.46377,0.44588,0.46032,0.45406,0.44875,0.44772,0.45215,0.48135,0.44292,0.4327,0.45151,0.44934,0.47135,0.46209,0.47292,0.46195,0.46862,0.45307,0.45792,0.46096,0.47199,0.45428,0.46874,0.45603,0.45888,0.46266,0.45096,0.46582,0.45453,0.47658,0.46756,0.45993,0.47601,0.45497
"104",0.56696,0.55519,0.50991,0.54712,0.51028,0.5134,0.4951,0.5114,0.49129,0.57059,0.52175,0.51283,0.54321,0.57809,0.54658,0.54603,0.50209,0.52287,0.54705,0.50996,0.49346,0.54859,0.50137,0.53766,0.5818,0.51948,0.50955,0.50198,0.54908,0.52038,0.52478,0.5119,0.55195,0.53735,0.51442,0.55074,0.54536,0.52034,0.55754,0.52126,0.53997,0.54128,0.55828,0.52067,0.56088,0.49374,0.52461,0.50884,0.49073,0.52683,0.45945,0.55655,0.52047,0.51909,0.5308,0.57263,0.53955,0.51398,0.48171,0.52671,0.54133,0.51339,0.54662,0.54694,0.55454,0.50676,0.49575,0.53644,0.55073,0.52844,0.50227,0.50614,0.49983,0.52218,0.48551,0.54501,0.51697,0.50837,0.52942,0.51795,0.52163,0.50865,0.50921,0.50137,0.50776,0.49259,0.51867,0.5331,0.51127,0.49546,0.52313,0.48294,0.50127,0.49397,0.48842,0.47283,0.47283,0.48208,0.48821,0.47489,0.49489,0.44841,0.46349,0.4658,0.46983,0.46581,0.46654,0.47951,0.46208,0.47655,0.47049,0.46545,0.46422,0.46872,0.49767,0.45947,0.44948,0.46863,0.46651,0.48864,0.47954,0.49041,0.47941,0.48633,0.47094,0.47611,0.47933,0.49008,0.47311,0.48735,0.47504,0.478,0.48193,0.47034,0.4853,0.47435,0.49631,0.48736,0.48018,0.49591,0.47558
"105",0.5764,0.56566,0.52043,0.55708,0.52073,0.52445,0.50594,0.52254,0.50258,0.58016,0.53257,0.52333,0.55356,0.58723,0.55639,0.55621,0.51352,0.53305,0.55693,0.52063,0.50498,0.55915,0.51255,0.54877,0.59078,0.53082,0.52096,0.51323,0.55982,0.53082,0.53558,0.52294,0.56246,0.54798,0.5255,0.56093,0.55638,0.53171,0.56789,0.53261,0.55097,0.55165,0.56858,0.53169,0.57102,0.50581,0.53554,0.52096,0.5023,0.53822,0.47133,0.5671,0.53225,0.53051,0.54269,0.58254,0.55065,0.52611,0.49401,0.53799,0.55287,0.52563,0.55768,0.55787,0.56517,0.51927,0.508,0.54831,0.5615,0.54028,0.51489,0.51855,0.51277,0.53466,0.49884,0.55681,0.52987,0.52101,0.54204,0.53067,0.53415,0.52169,0.52281,0.51496,0.52105,0.50662,0.53169,0.54555,0.52487,0.50892,0.53642,0.49713,0.51482,0.50782,0.5025,0.48683,0.48724,0.49655,0.50268,0.48958,0.50931,0.46333,0.47826,0.48076,0.4847,0.48068,0.48176,0.49448,0.47759,0.492,0.48615,0.4814,0.48,0.48453,0.51301,0.47533,0.46561,0.48493,0.48288,0.50493,0.49604,0.50686,0.49594,0.503,0.4879,0.49332,0.49666,0.50706,0.49091,0.50482,0.49298,0.49602,0.50004,0.48867,0.50355,0.49303,0.51464,0.50587,0.49917,0.51439,0.49494
"106",0.58508,0.57531,0.53044,0.56636,0.53067,0.5349,0.51631,0.53309,0.51337,0.5889,0.54276,0.53331,0.5632,0.59555,0.56555,0.5657,0.52439,0.54269,0.56613,0.53077,0.51598,0.56894,0.52319,0.55911,0.59893,0.54149,0.53176,0.52392,0.56975,0.54069,0.54575,0.5334,0.57218,0.55791,0.53598,0.57038,0.56658,0.5424,0.57742,0.54329,0.56121,0.56133,0.57805,0.54208,0.58033,0.51729,0.54583,0.5324,0.51334,0.54889,0.4828,0.5768,0.54331,0.54126,0.55376,0.59154,0.56097,0.53752,0.50577,0.54857,0.56355,0.53714,0.56791,0.56798,0.57496,0.53105,0.51963,0.55931,0.57144,0.55132,0.52681,0.53025,0.52499,0.54632,0.5115,0.56768,0.54192,0.53291,0.55374,0.54256,0.54583,0.53394,0.53553,0.52775,0.53352,0.51986,0.54383,0.55708,0.53758,0.52164,0.54875,0.51057,0.52757,0.52088,0.51582,0.50018,0.50095,0.51026,0.51634,0.50354,0.52287,0.47766,0.49236,0.49502,0.49885,0.49485,0.49623,0.50864,0.49237,0.50661,0.50101,0.49655,0.49501,0.49953,0.52734,0.49044,0.48104,0.50037,0.4984,0.52017,0.51156,0.52223,0.51147,0.51861,0.5039,0.50948,0.51291,0.52289,0.50763,0.5211,0.5098,0.51287,0.51693,0.50586,0.52052,0.51049,0.53154,0.52302,0.51683,0.53143,0.51297
"107",0.59303,0.58417,0.53992,0.57499,0.5401,0.54476,0.52619,0.54304,0.52365,0.59687,0.55236,0.54276,0.57216,0.60309,0.57407,0.57451,0.53468,0.55177,0.5747,0.54037,0.52643,0.57797,0.53328,0.5687,0.60629,0.5515,0.54195,0.53407,0.5789,0.55001,0.5553,0.54327,0.58113,0.56716,0.54586,0.57912,0.57599,0.55243,0.58615,0.5533,0.57069,0.57034,0.58674,0.55185,0.58886,0.52818,0.55548,0.54316,0.52385,0.55886,0.49384,0.58568,0.55366,0.55135,0.56403,0.59969,0.57053,0.54821,0.51697,0.55846,0.57339,0.54792,0.57733,0.57731,0.58394,0.54212,0.53064,0.56947,0.58059,0.56159,0.53802,0.54125,0.53649,0.55715,0.52348,0.57764,0.55315,0.54407,0.56455,0.55364,0.5567,0.5454,0.54739,0.53972,0.54517,0.53229,0.55511,0.5677,0.5494,0.53359,0.56015,0.52326,0.53951,0.53316,0.52835,0.51285,0.51394,0.52318,0.52918,0.51673,0.53557,0.49137,0.50576,0.50855,0.51225,0.50829,0.50995,0.52198,0.50638,0.52036,0.51502,0.51085,0.5092,0.51368,0.54067,0.50476,0.49572,0.51491,0.51302,0.53435,0.52607,0.5365,0.526,0.53312,0.5189,0.52457,0.52803,0.53754,0.52322,0.53616,0.52546,0.52853,0.53256,0.52189,0.53618,0.52669,0.547,0.53882,0.53312,0.54699,0.52964
"108",0.60029,0.59228,0.54889,0.58298,0.54902,0.55404,0.53559,0.55242,0.53343,0.60411,0.56135,0.55168,0.58046,0.60991,0.58198,0.58266,0.5444,0.56032,0.58264,0.54944,0.53634,0.58629,0.54283,0.57758,0.61292,0.56087,0.55154,0.54366,0.5873,0.55877,0.56423,0.55257,0.58935,0.57576,0.55515,0.58718,0.58465,0.5618,0.59414,0.56265,0.57946,0.5787,0.59468,0.56099,0.59665,0.53846,0.56451,0.55323,0.53383,0.56813,0.50445,0.59381,0.5633,0.56079,0.57352,0.60705,0.57936,0.55819,0.52761,0.56767,0.58244,0.55799,0.58598,0.58588,0.59216,0.55249,0.54102,0.57882,0.58898,0.5711,0.54854,0.55155,0.54726,0.56719,0.53478,0.58674,0.56355,0.55449,0.57449,0.56391,0.56677,0.55607,0.55839,0.55089,0.55601,0.54391,0.56555,0.57747,0.56036,0.54479,0.57064,0.53518,0.55066,0.54464,0.54009,0.52483,0.5262,0.53531,0.54118,0.52915,0.5474,0.50441,0.51844,0.52132,0.52488,0.521,0.52288,0.53449,0.51961,0.53325,0.52818,0.52431,0.52256,0.52697,0.553,0.51828,0.50961,0.52853,0.52673,0.54747,0.53956,0.54967,0.5395,0.54654,0.53288,0.53858,0.54203,0.55104,0.53767,0.55001,0.53995,0.54297,0.54694,0.53674,0.55054,0.54162,0.56104,0.55325,0.54805,0.56113,0.54492
"109",0.60691,0.59969,0.55736,0.59037,0.55744,0.56275,0.54451,0.56122,0.54269,0.61067,0.56976,0.56008,0.58813,0.61606,0.58931,0.59018,0.55356,0.56835,0.58998,0.558,0.54571,0.59393,0.55185,0.58577,0.61888,0.56961,0.56053,0.55271,0.59501,0.56699,0.57257,0.5613,0.59687,0.58372,0.56386,0.59459,0.59259,0.57054,0.60142,0.57137,0.58753,0.58643,0.60193,0.56954,0.60375,0.54816,0.57292,0.56264,0.54327,0.57673,0.5146,0.6012,0.57226,0.56959,0.58227,0.61366,0.5875,0.56748,0.53768,0.57622,0.59072,0.56736,0.59389,0.59373,0.59965,0.56215,0.55079,0.58739,0.59665,0.57989,0.55837,0.56118,0.55733,0.57646,0.54538,0.59503,0.57316,0.5642,0.58361,0.5734,0.57607,0.56598,0.56855,0.56127,0.56607,0.55474,0.57517,0.5864,0.57047,0.55525,0.58026,0.54634,0.56101,0.55535,0.55106,0.53611,0.53773,0.54665,0.55236,0.54079,0.55838,0.51678,0.53039,0.53334,0.53674,0.53295,0.53502,0.54616,0.53203,0.54526,0.54047,0.53689,0.53508,0.53939,0.56435,0.53096,0.52271,0.54122,0.53952,0.55956,0.55204,0.56178,0.55199,0.55888,0.54585,0.55151,0.55491,0.56339,0.55099,0.56268,0.55327,0.55622,0.56008,0.5504,0.56362,0.5553,0.57371,0.56635,0.56164,0.57388,0.55885
